parent_number,parent_rev,child_number,child_rev,qty,ref_des
FG-1000,A,SA-1097,A,2,
FG-1000,A,CMP-1281,A,3,
FG-1000,A,CMP-1762,A,2,
FG-1000,A,CMP-1027,A,3,
FG-1000,A,CMP-1974,A,2,
FG-1000,A,CMP-1970,A,3,
FG-1000,A,CMP-1057,A,2,
FG-1000,B,SA-1097,B,2,
FG-1000,B,CMP-1281,B,3,
FG-1000,B,CMP-1762,B,2,
FG-1000,B,CMP-1027,B,3,
FG-1000,B,CMP-1974,B,2,
FG-1000,B,CMP-1970,B,3,
FG-1000,B,CMP-1057,B,2,
FG-1000,C,SA-1097,C,2,
FG-1000,C,CMP-1281,C,3,
FG-1000,C,CMP-1762,C,2,
FG-1000,C,CMP-1027,C,3,
FG-1000,C,CMP-1974,C,2,
FG-1000,C,CMP-1970,C,3,
FG-1000,C,CMP-1057,C,2,
FG-1000,D,SA-1097,D,2,
FG-1000,D,CMP-1281,D,3,
FG-1000,D,CMP-1762,C,2,
FG-1000,D,CMP-1027,D,3,
FG-1000,D,CMP-1974,C,2,
FG-1000,D,CMP-1970,D,3,
FG-1000,D,CMP-1057,D,2,
FG-1001,A,SA-1019,A,2,
FG-1001,A,SA-1142,A,2,
FG-1001,A,SA-1011,A,1,
FG-1001,A,CMP-1659,A,3,
FG-1001,A,CMP-1045,A,1,
FG-1001,A,CMP-1865,A,3,
FG-1001,A,CMP-1895,A,2,
FG-1001,A,CMP-1811,A,4,
FG-1001,B,SA-1019,B,2,
FG-1001,B,SA-1142,B,2,
FG-1001,B,SA-1011,B,1,
FG-1001,B,CMP-1659,B,3,
FG-1001,B,CMP-1045,B,1,
FG-1001,B,CMP-1865,B,3,
FG-1001,B,CMP-1895,B,2,
FG-1001,B,CMP-1811,B,4,
FG-1001,C,SA-1019,C,2,
FG-1001,C,SA-1142,C,2,
FG-1001,C,SA-1011,C,1,
FG-1001,C,CMP-1659,C,3,
FG-1001,C,CMP-1045,C,1,
FG-1001,C,CMP-1865,C,3,
FG-1001,C,CMP-1895,C,2,
FG-1001,C,CMP-1811,C,4,
FG-1002,A,SA-1030,A,1,
FG-1002,A,CMP-1603,A,3,
FG-1002,A,CMP-1998,A,1,
FG-1002,B,SA-1030,B,1,
FG-1002,B,CMP-1603,B,3,
FG-1002,B,CMP-1998,B,1,
FG-1002,C,SA-1030,C,1,
FG-1002,C,CMP-1603,C,3,
FG-1002,C,CMP-1998,C,1,
FG-1003,A,SA-1156,A,2,
FG-1003,A,SA-1099,A,2,
FG-1003,A,SA-1064,A,1,
FG-1003,A,CMP-1092,A,1,
FG-1003,A,CMP-1742,A,1,
FG-1003,A,CMP-1381,A,2,
FG-1003,B,SA-1156,B,2,
FG-1003,B,SA-1099,B,2,
FG-1003,B,SA-1064,B,1,
FG-1003,B,CMP-1092,B,1,
FG-1003,B,CMP-1742,B,1,
FG-1003,B,CMP-1381,B,2,
FG-1003,C,SA-1156,C,2,
FG-1003,C,SA-1099,C,2,
FG-1003,C,SA-1064,C,1,
FG-1003,C,CMP-1092,C,1,
FG-1003,C,CMP-1742,C,1,
FG-1003,C,CMP-1381,C,2,
FG-1003,D,SA-1156,C,2,
FG-1003,D,SA-1099,D,2,
FG-1003,D,SA-1064,C,1,
FG-1003,D,CMP-1092,C,1,
FG-1003,D,CMP-1742,D,1,
FG-1003,D,CMP-1381,D,2,
FG-1004,A,SA-1073,A,2,
FG-1004,A,CMP-1945,A,2,
FG-1004,A,CMP-1471,A,3,
FG-1004,A,CMP-1761,A,1,
FG-1004,A,CMP-1516,A,1,
FG-1004,A,CMP-1028,A,1,
FG-1004,B,SA-1073,B,2,
FG-1004,B,CMP-1945,B,2,
FG-1004,B,CMP-1471,B,3,
FG-1004,B,CMP-1761,B,1,
FG-1004,B,CMP-1516,B,1,
FG-1004,B,CMP-1028,B,1,
FG-1004,C,SA-1073,C,2,
FG-1004,C,CMP-1945,C,2,
FG-1004,C,CMP-1471,C,3,
FG-1004,C,CMP-1761,C,1,
FG-1004,C,CMP-1516,C,1,
FG-1004,C,CMP-1028,C,1,
FG-1005,A,SA-1020,A,1,
FG-1005,A,SA-1024,A,2,
FG-1005,A,CMP-1797,A,1,
FG-1005,A,CMP-1040,A,2,
FG-1005,A,CMP-1508,A,1,
FG-1005,B,SA-1020,B,1,
FG-1005,B,SA-1024,B,2,
FG-1005,B,CMP-1797,B,1,
FG-1005,B,CMP-1040,B,2,
FG-1005,B,CMP-1508,B,1,
FG-1005,C,SA-1020,C,1,
FG-1005,C,SA-1024,C,2,
FG-1005,C,CMP-1797,C,1,
FG-1005,C,CMP-1040,C,2,
FG-1005,C,CMP-1508,C,1,
FG-1006,A,SA-1012,A,2,
FG-1006,A,SA-1082,A,1,
FG-1006,A,SA-1130,A,2,
FG-1006,A,CMP-1908,A,3,
FG-1006,A,CMP-1710,A,1,
FG-1006,A,CMP-1864,A,1,
FG-1006,B,SA-1012,B,2,
FG-1006,B,SA-1082,B,1,
FG-1006,B,SA-1130,B,2,
FG-1006,B,CMP-1908,B,3,
FG-1006,B,CMP-1710,B,1,
FG-1006,B,CMP-1864,B,1,
FG-1006,C,SA-1012,C,2,
FG-1006,C,SA-1082,C,1,
FG-1006,C,SA-1130,C,2,
FG-1006,C,CMP-1908,C,3,
FG-1006,C,CMP-1710,C,1,
FG-1006,C,CMP-1864,C,1,
FG-1006,D,SA-1012,D,2,
FG-1006,D,SA-1082,D,1,
FG-1006,D,SA-1130,C,2,
FG-1006,D,CMP-1908,C,3,
FG-1006,D,CMP-1710,C,1,
FG-1006,D,CMP-1864,D,1,
FG-1007,A,SA-1056,A,2,
FG-1007,A,SA-1029,A,1,
FG-1007,A,SA-1030,A,1,
FG-1007,A,CMP-1479,A,3,
FG-1007,A,CMP-1097,A,4,
FG-1007,B,SA-1056,B,2,
FG-1007,B,SA-1029,B,1,
FG-1007,B,SA-1030,B,1,
FG-1007,B,CMP-1479,B,3,
FG-1007,B,CMP-1097,B,4,
FG-1007,C,SA-1056,C,2,
FG-1007,C,SA-1029,C,1,
FG-1007,C,SA-1030,C,1,
FG-1007,C,CMP-1479,C,3,
FG-1007,C,CMP-1097,C,4,
FG-1007,D,SA-1056,D,2,
FG-1007,D,SA-1029,D,1,
FG-1007,D,SA-1030,C,1,
FG-1007,D,CMP-1479,C,3,
FG-1007,D,CMP-1097,D,4,
FG-1008,A,SA-1135,A,2,
FG-1008,A,SA-1126,A,2,
FG-1008,A,CMP-1495,A,3,
FG-1008,A,CMP-1817,A,3,
FG-1008,A,CMP-1094,A,3,
FG-1008,A,CMP-1650,A,4,
FG-1008,A,CMP-1525,A,2,
FG-1008,A,CMP-1320,A,2,
FG-1008,B,SA-1135,B,2,
FG-1008,B,SA-1126,B,2,
FG-1008,B,CMP-1495,B,3,
FG-1008,B,CMP-1817,B,3,
FG-1008,B,CMP-1094,B,3,
FG-1008,B,CMP-1650,B,4,
FG-1008,B,CMP-1525,B,2,
FG-1008,B,CMP-1320,B,2,
FG-1008,C,SA-1135,C,2,
FG-1008,C,SA-1126,C,2,
FG-1008,C,CMP-1495,C,3,
FG-1008,C,CMP-1817,C,3,
FG-1008,C,CMP-1094,C,3,
FG-1008,C,CMP-1650,C,4,
FG-1008,C,CMP-1525,C,2,
FG-1008,C,CMP-1320,C,2,
FG-1008,D,SA-1135,D,2,
FG-1008,D,SA-1126,C,2,
FG-1008,D,CMP-1495,C,3,
FG-1008,D,CMP-1817,C,3,
FG-1008,D,CMP-1094,D,3,
FG-1008,D,CMP-1650,C,4,
FG-1008,D,CMP-1525,D,2,
FG-1008,D,CMP-1320,D,2,
FG-1009,A,SA-1156,A,1,
FG-1009,A,CMP-1155,A,3,
FG-1009,A,CMP-1125,A,2,
FG-1009,B,SA-1156,B,1,
FG-1009,B,CMP-1155,B,3,
FG-1009,B,CMP-1125,B,2,
FG-1009,C,SA-1156,C,1,
FG-1009,C,CMP-1155,C,3,
FG-1009,C,CMP-1125,C,2,
FG-1009,D,SA-1156,C,1,
FG-1009,D,CMP-1155,D,3,
FG-1009,D,CMP-1125,C,2,
FG-1010,A,SA-1000,A,1,
FG-1010,A,CMP-1533,A,3,
FG-1010,A,CMP-1672,A,3,
FG-1010,A,CMP-1169,A,2,
FG-1010,A,CMP-1997,A,4,
FG-1010,B,SA-1000,B,1,
FG-1010,B,CMP-1533,B,3,
FG-1010,B,CMP-1672,B,3,
FG-1010,B,CMP-1169,B,2,
FG-1010,B,CMP-1997,B,4,
FG-1010,C,SA-1000,C,1,
FG-1010,C,CMP-1533,C,3,
FG-1010,C,CMP-1672,C,3,
FG-1010,C,CMP-1169,C,2,
FG-1010,C,CMP-1997,C,4,
FG-1011,A,SA-1009,A,2,
FG-1011,A,SA-1026,A,2,
FG-1011,A,SA-1080,A,2,
FG-1011,A,CMP-1045,A,2,
FG-1011,A,CMP-1195,A,2,
FG-1011,A,CMP-1567,A,3,
FG-1011,A,CMP-1352,A,3,
FG-1011,B,SA-1009,B,2,
FG-1011,B,SA-1026,B,2,
FG-1011,B,SA-1080,B,2,
FG-1011,B,CMP-1045,B,2,
FG-1011,B,CMP-1195,B,2,
FG-1011,B,CMP-1567,B,3,
FG-1011,B,CMP-1352,B,3,
FG-1011,C,SA-1009,C,2,
FG-1011,C,SA-1026,C,2,
FG-1011,C,SA-1080,C,2,
FG-1011,C,CMP-1045,C,2,
FG-1011,C,CMP-1195,C,2,
FG-1011,C,CMP-1567,C,3,
FG-1011,C,CMP-1352,C,3,
FG-1011,D,SA-1009,C,2,
FG-1011,D,SA-1026,C,2,
FG-1011,D,SA-1080,D,2,
FG-1011,D,CMP-1045,C,2,
FG-1011,D,CMP-1195,C,2,
FG-1011,D,CMP-1567,C,3,
FG-1011,D,CMP-1352,D,3,
FG-1012,A,SA-1101,A,2,
FG-1012,A,SA-1139,A,2,
FG-1012,A,SA-1051,A,2,
FG-1012,A,CMP-1847,A,3,
FG-1012,A,CMP-1854,A,3,
FG-1012,A,CMP-1506,A,1,
FG-1012,A,CMP-1484,A,3,
FG-1012,A,CMP-1029,A,3,
FG-1012,A,CMP-1652,A,2,
FG-1012,B,SA-1101,B,2,
FG-1012,B,SA-1139,B,2,
FG-1012,B,SA-1051,B,2,
FG-1012,B,CMP-1847,B,3,
FG-1012,B,CMP-1854,B,3,
FG-1012,B,CMP-1506,B,1,
FG-1012,B,CMP-1484,B,3,
FG-1012,B,CMP-1029,B,3,
FG-1012,B,CMP-1652,B,2,
FG-1012,C,SA-1101,C,2,
FG-1012,C,SA-1139,C,2,
FG-1012,C,SA-1051,C,2,
FG-1012,C,CMP-1847,C,3,
FG-1012,C,CMP-1854,C,3,
FG-1012,C,CMP-1506,C,1,
FG-1012,C,CMP-1484,C,3,
FG-1012,C,CMP-1029,C,3,
FG-1012,C,CMP-1652,C,2,
FG-1012,D,SA-1101,D,2,
FG-1012,D,SA-1139,C,2,
FG-1012,D,SA-1051,D,2,
FG-1012,D,CMP-1847,C,3,
FG-1012,D,CMP-1854,D,3,
FG-1012,D,CMP-1506,D,1,
FG-1012,D,CMP-1484,D,3,
FG-1012,D,CMP-1029,C,3,
FG-1012,D,CMP-1652,C,2,
FG-1013,A,SA-1036,A,1,
FG-1013,A,SA-1053,A,1,
FG-1013,A,SA-1156,A,1,
FG-1013,A,CMP-1877,A,2,
FG-1013,A,CMP-1162,A,4,
FG-1013,A,CMP-1412,A,1,
FG-1013,A,CMP-1580,A,4,
FG-1013,B,SA-1036,B,1,
FG-1013,B,SA-1053,B,1,
FG-1013,B,SA-1156,B,1,
FG-1013,B,CMP-1877,B,2,
FG-1013,B,CMP-1162,B,4,
FG-1013,B,CMP-1412,B,1,
FG-1013,B,CMP-1580,B,4,
FG-1013,C,SA-1036,C,1,
FG-1013,C,SA-1053,C,1,
FG-1013,C,SA-1156,C,1,
FG-1013,C,CMP-1877,C,2,
FG-1013,C,CMP-1162,C,4,
FG-1013,C,CMP-1412,C,1,
FG-1013,C,CMP-1580,C,4,
FG-1013,D,SA-1036,D,1,
FG-1013,D,SA-1053,C,1,
FG-1013,D,SA-1156,C,1,
FG-1013,D,CMP-1877,C,2,
FG-1013,D,CMP-1162,D,4,
FG-1013,D,CMP-1412,D,1,
FG-1013,D,CMP-1580,D,4,
FG-1014,A,SA-1089,A,1,
FG-1014,A,CMP-1762,A,1,
FG-1014,A,CMP-1222,A,2,
FG-1014,A,CMP-1631,A,2,
FG-1014,A,CMP-1601,A,1,
FG-1014,A,CMP-1580,A,1,
FG-1014,A,CMP-1793,A,3,
FG-1014,B,SA-1089,B,1,
FG-1014,B,CMP-1762,B,1,
FG-1014,B,CMP-1222,B,2,
FG-1014,B,CMP-1631,B,2,
FG-1014,B,CMP-1601,B,1,
FG-1014,B,CMP-1580,B,1,
FG-1014,B,CMP-1793,B,3,
FG-1014,C,SA-1089,C,1,
FG-1014,C,CMP-1762,C,1,
FG-1014,C,CMP-1222,C,2,
FG-1014,C,CMP-1631,C,2,
FG-1014,C,CMP-1601,C,1,
FG-1014,C,CMP-1580,C,1,
FG-1014,C,CMP-1793,C,3,
FG-1014,D,SA-1089,D,1,
FG-1014,D,CMP-1762,C,1,
FG-1014,D,CMP-1222,C,2,
FG-1014,D,CMP-1631,D,2,
FG-1014,D,CMP-1601,D,1,
FG-1014,D,CMP-1580,D,1,
FG-1014,D,CMP-1793,D,3,
FG-1015,A,SA-1022,A,1,
FG-1015,A,SA-1038,A,2,
FG-1015,A,CMP-1900,A,2,
FG-1015,A,CMP-1831,A,3,
FG-1015,A,CMP-1109,A,3,
FG-1015,A,CMP-1083,A,4,
FG-1015,A,CMP-1071,A,3,
FG-1015,A,CMP-1126,A,1,
FG-1015,B,SA-1022,B,1,
FG-1015,B,SA-1038,B,2,
FG-1015,B,CMP-1900,B,2,
FG-1015,B,CMP-1831,B,3,
FG-1015,B,CMP-1109,B,3,
FG-1015,B,CMP-1083,B,4,
FG-1015,B,CMP-1071,B,3,
FG-1015,B,CMP-1126,B,1,
FG-1015,C,SA-1022,C,1,
FG-1015,C,SA-1038,C,2,
FG-1015,C,CMP-1900,C,2,
FG-1015,C,CMP-1831,C,3,
FG-1015,C,CMP-1109,C,3,
FG-1015,C,CMP-1083,C,4,
FG-1015,C,CMP-1071,C,3,
FG-1015,C,CMP-1126,C,1,
FG-1015,D,SA-1022,D,1,
FG-1015,D,SA-1038,C,2,
FG-1015,D,CMP-1900,C,2,
FG-1015,D,CMP-1831,D,3,
FG-1015,D,CMP-1109,D,3,
FG-1015,D,CMP-1083,C,4,
FG-1015,D,CMP-1071,D,3,
FG-1015,D,CMP-1126,D,1,
FG-1016,A,SA-1028,A,2,
FG-1016,A,CMP-1181,A,1,
FG-1016,A,CMP-1812,A,1,
FG-1016,A,CMP-1628,A,3,
FG-1016,B,SA-1028,B,2,
FG-1016,B,CMP-1181,B,1,
FG-1016,B,CMP-1812,B,1,
FG-1016,B,CMP-1628,B,3,
FG-1016,C,SA-1028,C,2,
FG-1016,C,CMP-1181,C,1,
FG-1016,C,CMP-1812,C,1,
FG-1016,C,CMP-1628,C,3,
FG-1017,A,SA-1084,A,1,
FG-1017,A,SA-1069,A,2,
FG-1017,A,CMP-1234,A,1,
FG-1017,A,CMP-1614,A,2,
FG-1017,A,CMP-1175,A,4,
FG-1017,A,CMP-1266,A,3,
FG-1017,A,CMP-1356,A,1,
FG-1017,B,SA-1084,B,1,
FG-1017,B,SA-1069,B,2,
FG-1017,B,CMP-1234,B,1,
FG-1017,B,CMP-1614,B,2,
FG-1017,B,CMP-1175,B,4,
FG-1017,B,CMP-1266,B,3,
FG-1017,B,CMP-1356,B,1,
FG-1017,C,SA-1084,C,1,
FG-1017,C,SA-1069,C,2,
FG-1017,C,CMP-1234,C,1,
FG-1017,C,CMP-1614,C,2,
FG-1017,C,CMP-1175,C,4,
FG-1017,C,CMP-1266,C,3,
FG-1017,C,CMP-1356,C,1,
FG-1018,A,SA-1092,A,1,
FG-1018,A,CMP-1615,A,2,
FG-1018,A,CMP-1070,A,1,
FG-1018,A,CMP-1729,A,3,
FG-1018,A,CMP-1689,A,4,
FG-1018,A,CMP-1268,A,4,
FG-1018,A,CMP-1977,A,4,
FG-1018,B,SA-1092,B,1,
FG-1018,B,CMP-1615,B,2,
FG-1018,B,CMP-1070,B,1,
FG-1018,B,CMP-1729,B,3,
FG-1018,B,CMP-1689,B,4,
FG-1018,B,CMP-1268,B,4,
FG-1018,B,CMP-1977,B,4,
FG-1018,C,SA-1092,C,1,
FG-1018,C,CMP-1615,C,2,
FG-1018,C,CMP-1070,C,1,
FG-1018,C,CMP-1729,C,3,
FG-1018,C,CMP-1689,C,4,
FG-1018,C,CMP-1268,C,4,
FG-1018,C,CMP-1977,C,4,
FG-1018,D,SA-1092,C,1,
FG-1018,D,CMP-1615,C,2,
FG-1018,D,CMP-1070,C,1,
FG-1018,D,CMP-1729,C,3,
FG-1018,D,CMP-1689,C,4,
FG-1018,D,CMP-1268,C,4,
FG-1018,D,CMP-1977,D,4,
FG-1019,A,SA-1107,A,1,
FG-1019,A,SA-1014,A,2,
FG-1019,A,SA-1095,A,1,
FG-1019,A,CMP-1065,A,4,
FG-1019,A,CMP-1928,A,2,
FG-1019,A,CMP-1917,A,4,
FG-1019,A,CMP-1150,A,1,
FG-1019,A,CMP-1864,A,2,
FG-1019,A,CMP-1492,A,3,
FG-1019,B,SA-1107,B,1,
FG-1019,B,SA-1014,B,2,
FG-1019,B,SA-1095,B,1,
FG-1019,B,CMP-1065,B,4,
FG-1019,B,CMP-1928,B,2,
FG-1019,B,CMP-1917,B,4,
FG-1019,B,CMP-1150,B,1,
FG-1019,B,CMP-1864,B,2,
FG-1019,B,CMP-1492,B,3,
FG-1019,C,SA-1107,C,1,
FG-1019,C,SA-1014,C,2,
FG-1019,C,SA-1095,C,1,
FG-1019,C,CMP-1065,C,4,
FG-1019,C,CMP-1928,C,2,
FG-1019,C,CMP-1917,C,4,
FG-1019,C,CMP-1150,C,1,
FG-1019,C,CMP-1864,C,2,
FG-1019,C,CMP-1492,C,3,
FG-1020,A,SA-1093,A,1,
FG-1020,A,CMP-1616,A,4,
FG-1020,A,CMP-1050,A,2,
FG-1020,A,CMP-1083,A,3,
FG-1020,B,SA-1093,B,1,
FG-1020,B,CMP-1616,B,4,
FG-1020,B,CMP-1050,B,2,
FG-1020,B,CMP-1083,B,3,
FG-1020,C,SA-1093,C,1,
FG-1020,C,CMP-1616,C,4,
FG-1020,C,CMP-1050,C,2,
FG-1020,C,CMP-1083,C,3,
FG-1021,A,SA-1153,A,1,
FG-1021,A,CMP-1841,A,1,
FG-1021,A,CMP-1558,A,1,
FG-1021,B,SA-1153,B,1,
FG-1021,B,CMP-1841,B,1,
FG-1021,B,CMP-1558,B,1,
FG-1021,C,SA-1153,C,1,
FG-1021,C,CMP-1841,C,1,
FG-1021,C,CMP-1558,C,1,
FG-1021,D,SA-1153,C,1,
FG-1021,D,CMP-1841,C,1,
FG-1021,D,CMP-1558,D,1,
FG-1022,A,SA-1071,A,1,
FG-1022,A,SA-1001,A,1,
FG-1022,A,SA-1100,A,1,
FG-1022,A,CMP-1292,A,2,
FG-1022,A,CMP-1441,A,3,
FG-1022,A,CMP-1619,A,2,
FG-1022,A,CMP-1577,A,1,
FG-1022,A,CMP-1325,A,4,
FG-1022,A,CMP-1001,A,3,
FG-1022,B,SA-1071,B,1,
FG-1022,B,SA-1001,B,1,
FG-1022,B,SA-1100,B,1,
FG-1022,B,CMP-1292,B,2,
FG-1022,B,CMP-1441,B,3,
FG-1022,B,CMP-1619,B,2,
FG-1022,B,CMP-1577,B,1,
FG-1022,B,CMP-1325,B,4,
FG-1022,B,CMP-1001,B,3,
FG-1022,C,SA-1071,C,1,
FG-1022,C,SA-1001,C,1,
FG-1022,C,SA-1100,C,1,
FG-1022,C,CMP-1292,C,2,
FG-1022,C,CMP-1441,C,3,
FG-1022,C,CMP-1619,C,2,
FG-1022,C,CMP-1577,C,1,
FG-1022,C,CMP-1325,C,4,
FG-1022,C,CMP-1001,C,3,
FG-1022,D,SA-1071,C,1,
FG-1022,D,SA-1001,C,1,
FG-1022,D,SA-1100,D,1,
FG-1022,D,CMP-1292,C,2,
FG-1022,D,CMP-1441,D,3,
FG-1022,D,CMP-1619,C,2,
FG-1022,D,CMP-1577,D,1,
FG-1022,D,CMP-1325,C,4,
FG-1022,D,CMP-1001,C,3,
FG-1023,A,SA-1151,A,1,
FG-1023,A,SA-1150,A,1,
FG-1023,A,SA-1145,A,2,
FG-1023,A,CMP-1213,A,2,
FG-1023,A,CMP-1086,A,2,
FG-1023,B,SA-1151,B,1,
FG-1023,B,SA-1150,B,1,
FG-1023,B,SA-1145,B,2,
FG-1023,B,CMP-1213,B,2,
FG-1023,B,CMP-1086,B,2,
FG-1023,C,SA-1151,C,1,
FG-1023,C,SA-1150,C,1,
FG-1023,C,SA-1145,C,2,
FG-1023,C,CMP-1213,C,2,
FG-1023,C,CMP-1086,C,2,
FG-1024,A,SA-1028,A,1,
FG-1024,A,SA-1041,A,1,
FG-1024,A,SA-1037,A,2,
FG-1024,A,CMP-1645,A,3,
FG-1024,A,CMP-1991,A,3,
FG-1024,A,CMP-1958,A,4,
FG-1024,A,CMP-1623,A,4,
FG-1024,B,SA-1028,B,1,
FG-1024,B,SA-1041,B,1,
FG-1024,B,SA-1037,B,2,
FG-1024,B,CMP-1645,B,3,
FG-1024,B,CMP-1991,B,3,
FG-1024,B,CMP-1958,B,4,
FG-1024,B,CMP-1623,B,4,
FG-1024,C,SA-1028,C,1,
FG-1024,C,SA-1041,C,1,
FG-1024,C,SA-1037,C,2,
FG-1024,C,CMP-1645,C,3,
FG-1024,C,CMP-1991,C,3,
FG-1024,C,CMP-1958,C,4,
FG-1024,C,CMP-1623,C,4,
FG-1025,A,SA-1142,A,2,
FG-1025,A,SA-1085,A,2,
FG-1025,A,SA-1047,A,2,
FG-1025,A,CMP-1407,A,3,
FG-1025,A,CMP-1970,A,2,
FG-1025,B,SA-1142,B,2,
FG-1025,B,SA-1085,B,2,
FG-1025,B,SA-1047,B,2,
FG-1025,B,CMP-1407,B,3,
FG-1025,B,CMP-1970,B,2,
FG-1025,C,SA-1142,C,2,
FG-1025,C,SA-1085,C,2,
FG-1025,C,SA-1047,C,2,
FG-1025,C,CMP-1407,C,3,
FG-1025,C,CMP-1970,C,2,
FG-1025,D,SA-1142,D,2,
FG-1025,D,SA-1085,C,2,
FG-1025,D,SA-1047,C,2,
FG-1025,D,CMP-1407,C,3,
FG-1025,D,CMP-1970,D,2,
FG-1026,A,SA-1095,A,1,
FG-1026,A,SA-1031,A,1,
FG-1026,A,CMP-1001,A,4,
FG-1026,A,CMP-1162,A,2,
FG-1026,A,CMP-1413,A,2,
FG-1026,A,CMP-1800,A,4,
FG-1026,B,SA-1095,B,1,
FG-1026,B,SA-1031,B,1,
FG-1026,B,CMP-1001,B,4,
FG-1026,B,CMP-1162,B,2,
FG-1026,B,CMP-1413,B,2,
FG-1026,B,CMP-1800,B,4,
FG-1026,C,SA-1095,C,1,
FG-1026,C,SA-1031,C,1,
FG-1026,C,CMP-1001,C,4,
FG-1026,C,CMP-1162,C,2,
FG-1026,C,CMP-1413,C,2,
FG-1026,C,CMP-1800,C,4,
FG-1026,D,SA-1095,D,1,
FG-1026,D,SA-1031,C,1,
FG-1026,D,CMP-1001,C,4,
FG-1026,D,CMP-1162,D,2,
FG-1026,D,CMP-1413,C,2,
FG-1026,D,CMP-1800,D,4,
FG-1027,A,SA-1077,A,1,
FG-1027,A,CMP-1528,A,2,
FG-1027,A,CMP-1860,A,2,
FG-1027,B,SA-1077,B,1,
FG-1027,B,CMP-1528,B,2,
FG-1027,B,CMP-1860,B,2,
FG-1027,C,SA-1077,C,1,
FG-1027,C,CMP-1528,C,2,
FG-1027,C,CMP-1860,C,2,
FG-1028,A,SA-1123,A,1,
FG-1028,A,CMP-1414,A,3,
FG-1028,A,CMP-1900,A,1,
FG-1028,A,CMP-1815,A,2,
FG-1028,A,CMP-1516,A,3,
FG-1028,A,CMP-1967,A,2,
FG-1028,B,SA-1123,B,1,
FG-1028,B,CMP-1414,B,3,
FG-1028,B,CMP-1900,B,1,
FG-1028,B,CMP-1815,B,2,
FG-1028,B,CMP-1516,B,3,
FG-1028,B,CMP-1967,B,2,
FG-1028,C,SA-1123,C,1,
FG-1028,C,CMP-1414,C,3,
FG-1028,C,CMP-1900,C,1,
FG-1028,C,CMP-1815,C,2,
FG-1028,C,CMP-1516,C,3,
FG-1028,C,CMP-1967,C,2,
FG-1028,D,SA-1123,D,1,
FG-1028,D,CMP-1414,C,3,
FG-1028,D,CMP-1900,C,1,
FG-1028,D,CMP-1815,D,2,
FG-1028,D,CMP-1516,D,3,
FG-1028,D,CMP-1967,D,2,
FG-1029,A,SA-1141,A,2,
FG-1029,A,CMP-1146,A,1,
FG-1029,A,CMP-1040,A,1,
FG-1029,B,SA-1141,B,2,
FG-1029,B,CMP-1146,B,1,
FG-1029,B,CMP-1040,B,1,
FG-1029,C,SA-1141,C,2,
FG-1029,C,CMP-1146,C,1,
FG-1029,C,CMP-1040,C,1,
FG-1030,A,SA-1060,A,1,
FG-1030,A,SA-1110,A,2,
FG-1030,A,SA-1062,A,1,
FG-1030,A,CMP-1560,A,3,
FG-1030,A,CMP-1269,A,3,
FG-1030,A,CMP-1715,A,3,
FG-1030,A,CMP-1523,A,1,
FG-1030,B,SA-1060,B,1,
FG-1030,B,SA-1110,B,2,
FG-1030,B,SA-1062,B,1,
FG-1030,B,CMP-1560,B,3,
FG-1030,B,CMP-1269,B,3,
FG-1030,B,CMP-1715,B,3,
FG-1030,B,CMP-1523,B,1,
FG-1030,C,SA-1060,C,1,
FG-1030,C,SA-1110,C,2,
FG-1030,C,SA-1062,C,1,
FG-1030,C,CMP-1560,C,3,
FG-1030,C,CMP-1269,C,3,
FG-1030,C,CMP-1715,C,3,
FG-1030,C,CMP-1523,C,1,
FG-1031,A,SA-1025,A,1,
FG-1031,A,CMP-1403,A,1,
FG-1031,A,CMP-1108,A,4,
FG-1031,A,CMP-1508,A,1,
FG-1031,A,CMP-1997,A,2,
FG-1031,A,CMP-1645,A,4,
FG-1031,A,CMP-1986,A,4,
FG-1031,B,SA-1025,B,1,
FG-1031,B,CMP-1403,B,1,
FG-1031,B,CMP-1108,B,4,
FG-1031,B,CMP-1508,B,1,
FG-1031,B,CMP-1997,B,2,
FG-1031,B,CMP-1645,B,4,
FG-1031,B,CMP-1986,B,4,
FG-1031,C,SA-1025,C,1,
FG-1031,C,CMP-1403,C,1,
FG-1031,C,CMP-1108,C,4,
FG-1031,C,CMP-1508,C,1,
FG-1031,C,CMP-1997,C,2,
FG-1031,C,CMP-1645,C,4,
FG-1031,C,CMP-1986,C,4,
FG-1031,D,SA-1025,D,1,
FG-1031,D,CMP-1403,C,1,
FG-1031,D,CMP-1108,C,4,
FG-1031,D,CMP-1508,D,1,
FG-1031,D,CMP-1997,C,2,
FG-1031,D,CMP-1645,D,4,
FG-1031,D,CMP-1986,C,4,
FG-1032,A,SA-1007,A,2,
FG-1032,A,SA-1115,A,1,
FG-1032,A,SA-1128,A,1,
FG-1032,A,CMP-1552,A,2,
FG-1032,A,CMP-1330,A,4,
FG-1032,A,CMP-1851,A,1,
FG-1032,A,CMP-1125,A,4,
FG-1032,A,CMP-1979,A,2,
FG-1032,B,SA-1007,B,2,
FG-1032,B,SA-1115,B,1,
FG-1032,B,SA-1128,B,1,
FG-1032,B,CMP-1552,B,2,
FG-1032,B,CMP-1330,B,4,
FG-1032,B,CMP-1851,B,1,
FG-1032,B,CMP-1125,B,4,
FG-1032,B,CMP-1979,B,2,
FG-1032,C,SA-1007,C,2,
FG-1032,C,SA-1115,C,1,
FG-1032,C,SA-1128,C,1,
FG-1032,C,CMP-1552,C,2,
FG-1032,C,CMP-1330,C,4,
FG-1032,C,CMP-1851,C,1,
FG-1032,C,CMP-1125,C,4,
FG-1032,C,CMP-1979,C,2,
FG-1033,A,SA-1078,A,1,
FG-1033,A,CMP-1749,A,3,
FG-1033,A,CMP-1577,A,4,
FG-1033,A,CMP-1999,A,3,
FG-1033,A,CMP-1811,A,3,
FG-1033,B,SA-1078,B,1,
FG-1033,B,CMP-1749,B,3,
FG-1033,B,CMP-1577,B,4,
FG-1033,B,CMP-1999,B,3,
FG-1033,B,CMP-1811,B,3,
FG-1033,C,SA-1078,C,1,
FG-1033,C,CMP-1749,C,3,
FG-1033,C,CMP-1577,C,4,
FG-1033,C,CMP-1999,C,3,
FG-1033,C,CMP-1811,C,3,
FG-1034,A,SA-1117,A,2,
FG-1034,A,CMP-1892,A,1,
FG-1034,A,CMP-1517,A,1,
FG-1034,A,CMP-1787,A,2,
FG-1034,A,CMP-1587,A,2,
FG-1034,B,SA-1117,B,2,
FG-1034,B,CMP-1892,B,1,
FG-1034,B,CMP-1517,B,1,
FG-1034,B,CMP-1787,B,2,
FG-1034,B,CMP-1587,B,2,
FG-1034,C,SA-1117,C,2,
FG-1034,C,CMP-1892,C,1,
FG-1034,C,CMP-1517,C,1,
FG-1034,C,CMP-1787,C,2,
FG-1034,C,CMP-1587,C,2,
FG-1034,D,SA-1117,D,2,
FG-1034,D,CMP-1892,D,1,
FG-1034,D,CMP-1517,D,1,
FG-1034,D,CMP-1787,C,2,
FG-1034,D,CMP-1587,C,2,
FG-1035,A,SA-1139,A,2,
FG-1035,A,SA-1017,A,2,
FG-1035,A,SA-1145,A,1,
FG-1035,A,CMP-1988,A,2,
FG-1035,A,CMP-1204,A,2,
FG-1035,B,SA-1139,B,2,
FG-1035,B,SA-1017,B,2,
FG-1035,B,SA-1145,B,1,
FG-1035,B,CMP-1988,B,2,
FG-1035,B,CMP-1204,B,2,
FG-1035,C,SA-1139,C,2,
FG-1035,C,SA-1017,C,2,
FG-1035,C,SA-1145,C,1,
FG-1035,C,CMP-1988,C,2,
FG-1035,C,CMP-1204,C,2,
FG-1036,A,SA-1107,A,1,
FG-1036,A,CMP-1782,A,3,
FG-1036,A,CMP-1236,A,1,
FG-1036,A,CMP-1856,A,4,
FG-1036,A,CMP-1566,A,3,
FG-1036,B,SA-1107,B,1,
FG-1036,B,CMP-1782,B,3,
FG-1036,B,CMP-1236,B,1,
FG-1036,B,CMP-1856,B,4,
FG-1036,B,CMP-1566,B,3,
FG-1036,C,SA-1107,C,1,
FG-1036,C,CMP-1782,C,3,
FG-1036,C,CMP-1236,C,1,
FG-1036,C,CMP-1856,C,4,
FG-1036,C,CMP-1566,C,3,
FG-1037,A,SA-1061,A,1,
FG-1037,A,CMP-1777,A,2,
FG-1037,A,CMP-1047,A,3,
FG-1037,A,CMP-1492,A,4,
FG-1037,A,CMP-1812,A,1,
FG-1037,A,CMP-1827,A,3,
FG-1037,B,SA-1061,B,1,
FG-1037,B,CMP-1777,B,2,
FG-1037,B,CMP-1047,B,3,
FG-1037,B,CMP-1492,B,4,
FG-1037,B,CMP-1812,B,1,
FG-1037,B,CMP-1827,B,3,
FG-1037,C,SA-1061,C,1,
FG-1037,C,CMP-1777,C,2,
FG-1037,C,CMP-1047,C,3,
FG-1037,C,CMP-1492,C,4,
FG-1037,C,CMP-1812,C,1,
FG-1037,C,CMP-1827,C,3,
FG-1038,A,SA-1018,A,1,
FG-1038,A,SA-1144,A,1,
FG-1038,A,CMP-1550,A,1,
FG-1038,A,CMP-1289,A,4,
FG-1038,A,CMP-1975,A,4,
FG-1038,B,SA-1018,B,1,
FG-1038,B,SA-1144,B,1,
FG-1038,B,CMP-1550,B,1,
FG-1038,B,CMP-1289,B,4,
FG-1038,B,CMP-1975,B,4,
FG-1038,C,SA-1018,C,1,
FG-1038,C,SA-1144,C,1,
FG-1038,C,CMP-1550,C,1,
FG-1038,C,CMP-1289,C,4,
FG-1038,C,CMP-1975,C,4,
FG-1039,A,SA-1072,A,1,
FG-1039,A,CMP-1870,A,3,
FG-1039,A,CMP-1544,A,1,
FG-1039,A,CMP-1949,A,1,
FG-1039,A,CMP-1542,A,2,
FG-1039,A,CMP-1465,A,1,
FG-1039,B,SA-1072,B,1,
FG-1039,B,CMP-1870,B,3,
FG-1039,B,CMP-1544,B,1,
FG-1039,B,CMP-1949,B,1,
FG-1039,B,CMP-1542,B,2,
FG-1039,B,CMP-1465,B,1,
FG-1039,C,SA-1072,C,1,
FG-1039,C,CMP-1870,C,3,
FG-1039,C,CMP-1544,C,1,
FG-1039,C,CMP-1949,C,1,
FG-1039,C,CMP-1542,C,2,
FG-1039,C,CMP-1465,C,1,
FG-1039,D,SA-1072,C,1,
FG-1039,D,CMP-1870,C,3,
FG-1039,D,CMP-1544,D,1,
FG-1039,D,CMP-1949,C,1,
FG-1039,D,CMP-1542,D,2,
FG-1039,D,CMP-1465,C,1,
SA-1000,A,CMP-1804,A,4,
SA-1000,A,CMP-1799,A,6,
SA-1000,A,CMP-1761,A,2,
SA-1000,A,CMP-1154,A,2,
SA-1000,A,SA-1030,A,1,
SA-1000,B,CMP-1804,B,4,
SA-1000,B,CMP-1799,B,6,
SA-1000,B,CMP-1761,B,2,
SA-1000,B,CMP-1154,B,2,
SA-1000,B,SA-1030,B,1,
SA-1000,C,CMP-1804,C,4,
SA-1000,C,CMP-1799,C,6,
SA-1000,C,CMP-1761,C,2,
SA-1000,C,CMP-1154,C,2,
SA-1000,C,SA-1030,C,1,
SA-1001,A,CMP-1912,A,4,
SA-1001,A,CMP-1944,A,6,
SA-1001,A,CMP-1772,A,3,
SA-1001,A,CMP-1062,A,6,
SA-1001,A,CMP-1720,A,3,
SA-1001,A,CMP-1006,A,1,
SA-1001,A,SA-1041,A,1,
SA-1001,B,CMP-1912,B,4,
SA-1001,B,CMP-1944,B,6,
SA-1001,B,CMP-1772,B,3,
SA-1001,B,CMP-1062,B,6,
SA-1001,B,CMP-1720,B,3,
SA-1001,B,CMP-1006,B,1,
SA-1001,B,SA-1041,B,1,
SA-1001,C,CMP-1912,C,4,
SA-1001,C,CMP-1944,C,6,
SA-1001,C,CMP-1772,C,3,
SA-1001,C,CMP-1062,C,6,
SA-1001,C,CMP-1720,C,3,
SA-1001,C,CMP-1006,C,1,
SA-1001,C,SA-1041,C,1,
SA-1002,A,CMP-1802,A,2,
SA-1002,A,CMP-1492,A,6,
SA-1002,A,CMP-1682,A,2,
SA-1002,A,CMP-1761,A,6,
SA-1002,A,CMP-1242,A,6,
SA-1002,A,CMP-1560,A,2,
SA-1002,A,SA-1027,A,1,
SA-1002,B,CMP-1802,B,2,
SA-1002,B,CMP-1492,B,6,
SA-1002,B,CMP-1682,B,2,
SA-1002,B,CMP-1761,B,6,
SA-1002,B,CMP-1242,B,6,
SA-1002,B,CMP-1560,B,2,
SA-1002,B,SA-1027,B,1,
SA-1002,C,CMP-1802,C,2,
SA-1002,C,CMP-1492,C,6,
SA-1002,C,CMP-1682,C,2,
SA-1002,C,CMP-1761,C,6,
SA-1002,C,CMP-1242,C,6,
SA-1002,C,CMP-1560,C,2,
SA-1002,C,SA-1027,C,1,
SA-1002,D,CMP-1802,D,2,
SA-1002,D,CMP-1492,C,6,
SA-1002,D,CMP-1682,D,2,
SA-1002,D,CMP-1761,C,6,
SA-1002,D,CMP-1242,D,6,
SA-1002,D,CMP-1560,D,2,
SA-1002,D,SA-1027,D,1,
SA-1003,A,CMP-1571,A,5,
SA-1003,A,CMP-1554,A,2,
SA-1003,A,CMP-1176,A,6,
SA-1003,A,SA-1005,A,1,
SA-1003,B,CMP-1571,B,5,
SA-1003,B,CMP-1554,B,2,
SA-1003,B,CMP-1176,B,6,
SA-1003,B,SA-1005,B,1,
SA-1003,C,CMP-1571,C,5,
SA-1003,C,CMP-1554,C,2,
SA-1003,C,CMP-1176,C,6,
SA-1003,C,SA-1005,C,1,
SA-1004,A,CMP-1279,A,3,
SA-1004,A,CMP-1439,A,6,
SA-1004,A,CMP-1876,A,2,
SA-1004,A,CMP-1716,A,1,
SA-1004,A,CMP-1217,A,1,
SA-1004,A,CMP-1472,A,3,
SA-1004,A,SA-1028,A,1,
SA-1004,B,CMP-1279,B,3,
SA-1004,B,CMP-1439,B,6,
SA-1004,B,CMP-1876,B,2,
SA-1004,B,CMP-1716,B,1,
SA-1004,B,CMP-1217,B,1,
SA-1004,B,CMP-1472,B,3,
SA-1004,B,SA-1028,B,1,
SA-1004,C,CMP-1279,C,3,
SA-1004,C,CMP-1439,C,6,
SA-1004,C,CMP-1876,C,2,
SA-1004,C,CMP-1716,C,1,
SA-1004,C,CMP-1217,C,1,
SA-1004,C,CMP-1472,C,3,
SA-1004,C,SA-1028,C,1,
SA-1005,A,CMP-1718,A,2,
SA-1005,A,CMP-1634,A,6,
SA-1005,A,CMP-1939,A,1,
SA-1005,A,CMP-1778,A,5,
SA-1005,A,SA-1008,A,1,
SA-1005,B,CMP-1718,B,2,
SA-1005,B,CMP-1634,B,6,
SA-1005,B,CMP-1939,B,1,
SA-1005,B,CMP-1778,B,5,
SA-1005,B,SA-1008,B,1,
SA-1005,C,CMP-1718,C,2,
SA-1005,C,CMP-1634,C,6,
SA-1005,C,CMP-1939,C,1,
SA-1005,C,CMP-1778,C,5,
SA-1005,C,SA-1008,C,1,
SA-1005,D,CMP-1718,D,2,
SA-1005,D,CMP-1634,D,6,
SA-1005,D,CMP-1939,C,1,
SA-1005,D,CMP-1778,C,5,
SA-1005,D,SA-1008,D,1,
SA-1006,A,CMP-1983,A,6,
SA-1006,A,CMP-1626,A,4,
SA-1006,A,CMP-1002,A,5,
SA-1006,A,CMP-1623,A,5,
SA-1006,A,CMP-1327,A,4,
SA-1006,A,CMP-1120,A,2,
SA-1006,A,SA-1025,A,1,
SA-1006,B,CMP-1983,B,6,
SA-1006,B,CMP-1626,B,4,
SA-1006,B,CMP-1002,B,5,
SA-1006,B,CMP-1623,B,5,
SA-1006,B,CMP-1327,B,4,
SA-1006,B,CMP-1120,B,2,
SA-1006,B,SA-1025,B,1,
SA-1006,C,CMP-1983,C,6,
SA-1006,C,CMP-1626,C,4,
SA-1006,C,CMP-1002,C,5,
SA-1006,C,CMP-1623,C,5,
SA-1006,C,CMP-1327,C,4,
SA-1006,C,CMP-1120,C,2,
SA-1006,C,SA-1025,C,1,
SA-1006,D,CMP-1983,C,6,
SA-1006,D,CMP-1626,D,4,
SA-1006,D,CMP-1002,C,5,
SA-1006,D,CMP-1623,D,5,
SA-1006,D,CMP-1327,C,4,
SA-1006,D,CMP-1120,D,2,
SA-1006,D,SA-1025,D,1,
SA-1007,A,CMP-1145,A,2,
SA-1007,A,CMP-1162,A,6,
SA-1007,A,CMP-1718,A,3,
SA-1007,A,CMP-1639,A,4,
SA-1007,A,CMP-1601,A,1,
SA-1007,A,SA-1031,A,1,
SA-1007,B,CMP-1145,B,2,
SA-1007,B,CMP-1162,B,6,
SA-1007,B,CMP-1718,B,3,
SA-1007,B,CMP-1639,B,4,
SA-1007,B,CMP-1601,B,1,
SA-1007,B,SA-1031,B,1,
SA-1007,C,CMP-1145,C,2,
SA-1007,C,CMP-1162,C,6,
SA-1007,C,CMP-1718,C,3,
SA-1007,C,CMP-1639,C,4,
SA-1007,C,CMP-1601,C,1,
SA-1007,C,SA-1031,C,1,
SA-1008,A,CMP-1489,A,2,
SA-1008,A,CMP-1790,A,2,
SA-1008,A,CMP-1219,A,2,
SA-1008,A,CMP-1610,A,3,
SA-1008,A,CMP-1221,A,2,
SA-1008,A,CMP-1764,A,3,
SA-1008,A,SA-1014,A,1,
SA-1008,B,CMP-1489,B,2,
SA-1008,B,CMP-1790,B,2,
SA-1008,B,CMP-1219,B,2,
SA-1008,B,CMP-1610,B,3,
SA-1008,B,CMP-1221,B,2,
SA-1008,B,CMP-1764,B,3,
SA-1008,B,SA-1014,B,1,
SA-1008,C,CMP-1489,C,2,
SA-1008,C,CMP-1790,C,2,
SA-1008,C,CMP-1219,C,2,
SA-1008,C,CMP-1610,C,3,
SA-1008,C,CMP-1221,C,2,
SA-1008,C,CMP-1764,C,3,
SA-1008,C,SA-1014,C,1,
SA-1008,D,CMP-1489,D,2,
SA-1008,D,CMP-1790,C,2,
SA-1008,D,CMP-1219,D,2,
SA-1008,D,CMP-1610,C,3,
SA-1008,D,CMP-1221,D,2,
SA-1008,D,CMP-1764,D,3,
SA-1008,D,SA-1014,C,1,
SA-1009,A,CMP-1291,A,1,
SA-1009,A,CMP-1755,A,5,
SA-1009,A,CMP-1986,A,4,
SA-1009,A,CMP-1280,A,4,
SA-1009,A,CMP-1044,A,2,
SA-1009,A,CMP-1828,A,5,
SA-1009,A,SA-1047,A,1,
SA-1009,B,CMP-1291,B,1,
SA-1009,B,CMP-1755,B,5,
SA-1009,B,CMP-1986,B,4,
SA-1009,B,CMP-1280,B,4,
SA-1009,B,CMP-1044,B,2,
SA-1009,B,CMP-1828,B,5,
SA-1009,B,SA-1047,B,1,
SA-1009,C,CMP-1291,C,1,
SA-1009,C,CMP-1755,C,5,
SA-1009,C,CMP-1986,C,4,
SA-1009,C,CMP-1280,C,4,
SA-1009,C,CMP-1044,C,2,
SA-1009,C,CMP-1828,C,5,
SA-1009,C,SA-1047,C,1,
SA-1010,A,CMP-1433,A,5,
SA-1010,A,CMP-1951,A,2,
SA-1010,A,CMP-1132,A,6,
SA-1010,A,CMP-1410,A,5,
SA-1010,A,CMP-1977,A,1,
SA-1010,A,CMP-1997,A,1,
SA-1010,A,SA-1032,A,1,
SA-1010,B,CMP-1433,B,5,
SA-1010,B,CMP-1951,B,2,
SA-1010,B,CMP-1132,B,6,
SA-1010,B,CMP-1410,B,5,
SA-1010,B,CMP-1977,B,1,
SA-1010,B,CMP-1997,B,1,
SA-1010,B,SA-1032,B,1,
SA-1010,C,CMP-1433,C,5,
SA-1010,C,CMP-1951,C,2,
SA-1010,C,CMP-1132,C,6,
SA-1010,C,CMP-1410,C,5,
SA-1010,C,CMP-1977,C,1,
SA-1010,C,CMP-1997,C,1,
SA-1010,C,SA-1032,C,1,
SA-1011,A,CMP-1206,A,1,
SA-1011,A,CMP-1761,A,1,
SA-1011,A,CMP-1594,A,3,
SA-1011,A,CMP-1823,A,2,
SA-1011,A,SA-1041,A,1,
SA-1011,B,CMP-1206,B,1,
SA-1011,B,CMP-1761,B,1,
SA-1011,B,CMP-1594,B,3,
SA-1011,B,CMP-1823,B,2,
SA-1011,B,SA-1041,B,1,
SA-1011,C,CMP-1206,C,1,
SA-1011,C,CMP-1761,C,1,
SA-1011,C,CMP-1594,C,3,
SA-1011,C,CMP-1823,C,2,
SA-1011,C,SA-1041,C,1,
SA-1012,A,CMP-1063,A,1,
SA-1012,A,CMP-1593,A,1,
SA-1012,A,SA-1033,A,1,
SA-1012,B,CMP-1063,B,1,
SA-1012,B,CMP-1593,B,1,
SA-1012,B,SA-1033,B,1,
SA-1012,C,CMP-1063,C,1,
SA-1012,C,CMP-1593,C,1,
SA-1012,C,SA-1033,C,1,
SA-1012,D,CMP-1063,C,1,
SA-1012,D,CMP-1593,D,1,
SA-1012,D,SA-1033,D,1,
SA-1013,A,CMP-1143,A,6,
SA-1013,A,CMP-1654,A,5,
SA-1013,A,CMP-1101,A,3,
SA-1013,A,CMP-1879,A,1,
SA-1013,A,CMP-1879,A,3,
SA-1013,A,CMP-1222,A,2,
SA-1013,A,SA-1029,A,1,
SA-1013,B,CMP-1143,B,6,
SA-1013,B,CMP-1654,B,5,
SA-1013,B,CMP-1101,B,3,
SA-1013,B,CMP-1879,B,1,
SA-1013,B,CMP-1879,B,3,
SA-1013,B,CMP-1222,B,2,
SA-1013,B,SA-1029,B,1,
SA-1013,C,CMP-1143,C,6,
SA-1013,C,CMP-1654,C,5,
SA-1013,C,CMP-1101,C,3,
SA-1013,C,CMP-1879,C,1,
SA-1013,C,CMP-1879,C,3,
SA-1013,C,CMP-1222,C,2,
SA-1013,C,SA-1029,C,1,
SA-1013,D,CMP-1143,C,6,
SA-1013,D,CMP-1654,C,5,
SA-1013,D,CMP-1101,C,3,
SA-1013,D,CMP-1879,C,1,
SA-1013,D,CMP-1879,C,3,
SA-1013,D,CMP-1222,C,2,
SA-1013,D,SA-1029,D,1,
SA-1014,A,CMP-1041,A,5,
SA-1014,A,CMP-1593,A,6,
SA-1014,A,CMP-1219,A,1,
SA-1014,A,CMP-1731,A,2,
SA-1014,A,CMP-1409,A,4,
SA-1014,A,CMP-1409,A,1,
SA-1014,A,SA-1024,A,1,
SA-1014,B,CMP-1041,B,5,
SA-1014,B,CMP-1593,B,6,
SA-1014,B,CMP-1219,B,1,
SA-1014,B,CMP-1731,B,2,
SA-1014,B,CMP-1409,B,4,
SA-1014,B,CMP-1409,B,1,
SA-1014,B,SA-1024,B,1,
SA-1014,C,CMP-1041,C,5,
SA-1014,C,CMP-1593,C,6,
SA-1014,C,CMP-1219,C,1,
SA-1014,C,CMP-1731,C,2,
SA-1014,C,CMP-1409,C,4,
SA-1014,C,CMP-1409,C,1,
SA-1014,C,SA-1024,C,1,
SA-1015,A,CMP-1343,A,3,
SA-1015,A,CMP-1449,A,2,
SA-1015,A,CMP-1028,A,2,
SA-1015,A,CMP-1515,A,5,
SA-1015,A,SA-1045,A,1,
SA-1015,B,CMP-1343,B,3,
SA-1015,B,CMP-1449,B,2,
SA-1015,B,CMP-1028,B,2,
SA-1015,B,CMP-1515,B,5,
SA-1015,B,SA-1045,B,1,
SA-1015,C,CMP-1343,C,3,
SA-1015,C,CMP-1449,C,2,
SA-1015,C,CMP-1028,C,2,
SA-1015,C,CMP-1515,C,5,
SA-1015,C,SA-1045,C,1,
SA-1016,A,CMP-1220,A,3,
SA-1016,A,CMP-1164,A,5,
SA-1016,A,CMP-1153,A,2,
SA-1016,A,CMP-1147,A,5,
SA-1016,A,SA-1019,A,1,
SA-1016,B,CMP-1220,B,3,
SA-1016,B,CMP-1164,B,5,
SA-1016,B,CMP-1153,B,2,
SA-1016,B,CMP-1147,B,5,
SA-1016,B,SA-1019,B,1,
SA-1016,C,CMP-1220,C,3,
SA-1016,C,CMP-1164,C,5,
SA-1016,C,CMP-1153,C,2,
SA-1016,C,CMP-1147,C,5,
SA-1016,C,SA-1019,C,1,
SA-1017,A,CMP-1709,A,4,
SA-1017,A,CMP-1439,A,1,
SA-1017,A,SA-1044,A,1,
SA-1017,B,CMP-1709,B,4,
SA-1017,B,CMP-1439,B,1,
SA-1017,B,SA-1044,B,1,
SA-1017,C,CMP-1709,C,4,
SA-1017,C,CMP-1439,C,1,
SA-1017,C,SA-1044,C,1,
SA-1018,A,CMP-1428,A,1,
SA-1018,A,CMP-1922,A,3,
SA-1018,A,CMP-1895,A,1,
SA-1018,A,CMP-1498,A,1,
SA-1018,A,CMP-1415,A,1,
SA-1018,A,SA-1056,A,1,
SA-1018,B,CMP-1428,B,1,
SA-1018,B,CMP-1922,B,3,
SA-1018,B,CMP-1895,B,1,
SA-1018,B,CMP-1498,B,1,
SA-1018,B,CMP-1415,B,1,
SA-1018,B,SA-1056,B,1,
SA-1018,C,CMP-1428,C,1,
SA-1018,C,CMP-1922,C,3,
SA-1018,C,CMP-1895,C,1,
SA-1018,C,CMP-1498,C,1,
SA-1018,C,CMP-1415,C,1,
SA-1018,C,SA-1056,C,1,
SA-1018,D,CMP-1428,D,1,
SA-1018,D,CMP-1922,D,3,
SA-1018,D,CMP-1895,C,1,
SA-1018,D,CMP-1498,D,1,
SA-1018,D,CMP-1415,C,1,
SA-1018,D,SA-1056,D,1,
SA-1019,A,CMP-1452,A,4,
SA-1019,A,CMP-1461,A,2,
SA-1019,A,SA-1043,A,1,
SA-1019,B,CMP-1452,B,4,
SA-1019,B,CMP-1461,B,2,
SA-1019,B,SA-1043,B,1,
SA-1019,C,CMP-1452,C,4,
SA-1019,C,CMP-1461,C,2,
SA-1019,C,SA-1043,C,1,
SA-1020,A,CMP-1290,A,2,
SA-1020,A,CMP-1923,A,4,
SA-1020,A,CMP-1732,A,1,
SA-1020,A,CMP-1768,A,3,
SA-1020,A,CMP-1264,A,1,
SA-1020,A,CMP-1293,A,2,
SA-1020,A,SA-1043,A,1,
SA-1020,B,CMP-1290,B,2,
SA-1020,B,CMP-1923,B,4,
SA-1020,B,CMP-1732,B,1,
SA-1020,B,CMP-1768,B,3,
SA-1020,B,CMP-1264,B,1,
SA-1020,B,CMP-1293,B,2,
SA-1020,B,SA-1043,B,1,
SA-1020,C,CMP-1290,C,2,
SA-1020,C,CMP-1923,C,4,
SA-1020,C,CMP-1732,C,1,
SA-1020,C,CMP-1768,C,3,
SA-1020,C,CMP-1264,C,1,
SA-1020,C,CMP-1293,C,2,
SA-1020,C,SA-1043,C,1,
SA-1020,D,CMP-1290,C,2,
SA-1020,D,CMP-1923,D,4,
SA-1020,D,CMP-1732,D,1,
SA-1020,D,CMP-1768,C,3,
SA-1020,D,CMP-1264,D,1,
SA-1020,D,CMP-1293,C,2,
SA-1020,D,SA-1043,C,1,
SA-1021,A,CMP-1012,A,1,
SA-1021,A,CMP-1191,A,1,
SA-1021,A,CMP-1604,A,5,
SA-1021,A,CMP-1659,A,4,
SA-1021,A,CMP-1069,A,4,
SA-1021,A,CMP-1401,A,3,
SA-1021,A,SA-1050,A,1,
SA-1021,B,CMP-1012,B,1,
SA-1021,B,CMP-1191,B,1,
SA-1021,B,CMP-1604,B,5,
SA-1021,B,CMP-1659,B,4,
SA-1021,B,CMP-1069,B,4,
SA-1021,B,CMP-1401,B,3,
SA-1021,B,SA-1050,B,1,
SA-1021,C,CMP-1012,C,1,
SA-1021,C,CMP-1191,C,1,
SA-1021,C,CMP-1604,C,5,
SA-1021,C,CMP-1659,C,4,
SA-1021,C,CMP-1069,C,4,
SA-1021,C,CMP-1401,C,3,
SA-1021,C,SA-1050,C,1,
SA-1022,A,CMP-1041,A,6,
SA-1022,A,CMP-1921,A,2,
SA-1022,A,CMP-1362,A,2,
SA-1022,A,CMP-1253,A,3,
SA-1022,A,CMP-1443,A,6,
SA-1022,A,CMP-1448,A,1,
SA-1022,A,SA-1061,A,1,
SA-1022,B,CMP-1041,B,6,
SA-1022,B,CMP-1921,B,2,
SA-1022,B,CMP-1362,B,2,
SA-1022,B,CMP-1253,B,3,
SA-1022,B,CMP-1443,B,6,
SA-1022,B,CMP-1448,B,1,
SA-1022,B,SA-1061,B,1,
SA-1022,C,CMP-1041,C,6,
SA-1022,C,CMP-1921,C,2,
SA-1022,C,CMP-1362,C,2,
SA-1022,C,CMP-1253,C,3,
SA-1022,C,CMP-1443,C,6,
SA-1022,C,CMP-1448,C,1,
SA-1022,C,SA-1061,C,1,
SA-1022,D,CMP-1041,C,6,
SA-1022,D,CMP-1921,D,2,
SA-1022,D,CMP-1362,D,2,
SA-1022,D,CMP-1253,D,3,
SA-1022,D,CMP-1443,C,6,
SA-1022,D,CMP-1448,D,1,
SA-1022,D,SA-1061,D,1,
SA-1023,A,CMP-1749,A,2,
SA-1023,A,CMP-1492,A,4,
SA-1023,A,CMP-1780,A,1,
SA-1023,A,CMP-1772,A,6,
SA-1023,A,CMP-1318,A,3,
SA-1023,A,CMP-1483,A,2,
SA-1023,A,SA-1057,A,1,
SA-1023,B,CMP-1749,B,2,
SA-1023,B,CMP-1492,B,4,
SA-1023,B,CMP-1780,B,1,
SA-1023,B,CMP-1772,B,6,
SA-1023,B,CMP-1318,B,3,
SA-1023,B,CMP-1483,B,2,
SA-1023,B,SA-1057,B,1,
SA-1023,C,CMP-1749,C,2,
SA-1023,C,CMP-1492,C,4,
SA-1023,C,CMP-1780,C,1,
SA-1023,C,CMP-1772,C,6,
SA-1023,C,CMP-1318,C,3,
SA-1023,C,CMP-1483,C,2,
SA-1023,C,SA-1057,C,1,
SA-1023,D,CMP-1749,D,2,
SA-1023,D,CMP-1492,C,4,
SA-1023,D,CMP-1780,C,1,
SA-1023,D,CMP-1772,D,6,
SA-1023,D,CMP-1318,D,3,
SA-1023,D,CMP-1483,D,2,
SA-1023,D,SA-1057,C,1,
SA-1024,A,CMP-1224,A,5,
SA-1024,A,CMP-1211,A,4,
SA-1024,A,CMP-1425,A,5,
SA-1024,A,CMP-1649,A,5,
SA-1024,A,CMP-1308,A,3,
SA-1024,A,SA-1031,A,1,
SA-1024,B,CMP-1224,B,5,
SA-1024,B,CMP-1211,B,4,
SA-1024,B,CMP-1425,B,5,
SA-1024,B,CMP-1649,B,5,
SA-1024,B,CMP-1308,B,3,
SA-1024,B,SA-1031,B,1,
SA-1024,C,CMP-1224,C,5,
SA-1024,C,CMP-1211,C,4,
SA-1024,C,CMP-1425,C,5,
SA-1024,C,CMP-1649,C,5,
SA-1024,C,CMP-1308,C,3,
SA-1024,C,SA-1031,C,1,
SA-1024,D,CMP-1224,C,5,
SA-1024,D,CMP-1211,D,4,
SA-1024,D,CMP-1425,D,5,
SA-1024,D,CMP-1649,D,5,
SA-1024,D,CMP-1308,C,3,
SA-1024,D,SA-1031,C,1,
SA-1025,A,CMP-1815,A,5,
SA-1025,A,CMP-1049,A,1,
SA-1025,A,CMP-1990,A,5,
SA-1025,A,CMP-1036,A,6,
SA-1025,A,CMP-1793,A,5,
SA-1025,A,SA-1061,A,1,
SA-1025,B,CMP-1815,B,5,
SA-1025,B,CMP-1049,B,1,
SA-1025,B,CMP-1990,B,5,
SA-1025,B,CMP-1036,B,6,
SA-1025,B,CMP-1793,B,5,
SA-1025,B,SA-1061,B,1,
SA-1025,C,CMP-1815,C,5,
SA-1025,C,CMP-1049,C,1,
SA-1025,C,CMP-1990,C,5,
SA-1025,C,CMP-1036,C,6,
SA-1025,C,CMP-1793,C,5,
SA-1025,C,SA-1061,C,1,
SA-1025,D,CMP-1815,D,5,
SA-1025,D,CMP-1049,C,1,
SA-1025,D,CMP-1990,C,5,
SA-1025,D,CMP-1036,C,6,
SA-1025,D,CMP-1793,D,5,
SA-1025,D,SA-1061,D,1,
SA-1026,A,CMP-1584,A,2,
SA-1026,A,CMP-1718,A,1,
SA-1026,A,CMP-1673,A,5,
SA-1026,A,CMP-1391,A,4,
SA-1026,A,SA-1034,A,1,
SA-1026,B,CMP-1584,B,2,
SA-1026,B,CMP-1718,B,1,
SA-1026,B,CMP-1673,B,5,
SA-1026,B,CMP-1391,B,4,
SA-1026,B,SA-1034,B,1,
SA-1026,C,CMP-1584,C,2,
SA-1026,C,CMP-1718,C,1,
SA-1026,C,CMP-1673,C,5,
SA-1026,C,CMP-1391,C,4,
SA-1026,C,SA-1034,C,1,
SA-1027,A,CMP-1247,A,6,
SA-1027,A,CMP-1810,A,4,
SA-1027,A,CMP-1958,A,1,
SA-1027,A,CMP-1187,A,1,
SA-1027,A,SA-1038,A,1,
SA-1027,B,CMP-1247,B,6,
SA-1027,B,CMP-1810,B,4,
SA-1027,B,CMP-1958,B,1,
SA-1027,B,CMP-1187,B,1,
SA-1027,B,SA-1038,B,1,
SA-1027,C,CMP-1247,C,6,
SA-1027,C,CMP-1810,C,4,
SA-1027,C,CMP-1958,C,1,
SA-1027,C,CMP-1187,C,1,
SA-1027,C,SA-1038,C,1,
SA-1027,D,CMP-1247,C,6,
SA-1027,D,CMP-1810,D,4,
SA-1027,D,CMP-1958,D,1,
SA-1027,D,CMP-1187,C,1,
SA-1027,D,SA-1038,C,1,
SA-1028,A,CMP-1252,A,5,
SA-1028,A,CMP-1316,A,2,
SA-1028,A,CMP-1481,A,6,
SA-1028,A,CMP-1456,A,1,
SA-1028,A,CMP-1502,A,2,
SA-1028,A,SA-1037,A,1,
SA-1028,B,CMP-1252,B,5,
SA-1028,B,CMP-1316,B,2,
SA-1028,B,CMP-1481,B,6,
SA-1028,B,CMP-1456,B,1,
SA-1028,B,CMP-1502,B,2,
SA-1028,B,SA-1037,B,1,
SA-1028,C,CMP-1252,C,5,
SA-1028,C,CMP-1316,C,2,
SA-1028,C,CMP-1481,C,6,
SA-1028,C,CMP-1456,C,1,
SA-1028,C,CMP-1502,C,2,
SA-1028,C,SA-1037,C,1,
SA-1029,A,CMP-1891,A,5,
SA-1029,A,CMP-1426,A,2,
SA-1029,A,CMP-1704,A,4,
SA-1029,A,CMP-1049,A,6,
SA-1029,A,CMP-1274,A,1,
SA-1029,A,SA-1052,A,1,
SA-1029,B,CMP-1891,B,5,
SA-1029,B,CMP-1426,B,2,
SA-1029,B,CMP-1704,B,4,
SA-1029,B,CMP-1049,B,6,
SA-1029,B,CMP-1274,B,1,
SA-1029,B,SA-1052,B,1,
SA-1029,C,CMP-1891,C,5,
SA-1029,C,CMP-1426,C,2,
SA-1029,C,CMP-1704,C,4,
SA-1029,C,CMP-1049,C,6,
SA-1029,C,CMP-1274,C,1,
SA-1029,C,SA-1052,C,1,
SA-1029,D,CMP-1891,D,5,
SA-1029,D,CMP-1426,C,2,
SA-1029,D,CMP-1704,C,4,
SA-1029,D,CMP-1049,C,6,
SA-1029,D,CMP-1274,C,1,
SA-1029,D,SA-1052,D,1,
SA-1030,A,CMP-1531,A,3,
SA-1030,A,CMP-1197,A,1,
SA-1030,B,CMP-1531,B,3,
SA-1030,B,CMP-1197,B,1,
SA-1030,C,CMP-1531,C,3,
SA-1030,C,CMP-1197,C,1,
SA-1031,A,CMP-1739,A,4,
SA-1031,A,CMP-1554,A,4,
SA-1031,B,CMP-1739,B,4,
SA-1031,B,CMP-1554,B,4,
SA-1031,C,CMP-1739,C,4,
SA-1031,C,CMP-1554,C,4,
SA-1032,A,CMP-1788,A,4,
SA-1032,A,CMP-1843,A,2,
SA-1032,A,CMP-1039,A,6,
SA-1032,A,CMP-1090,A,5,
SA-1032,B,CMP-1788,B,4,
SA-1032,B,CMP-1843,B,2,
SA-1032,B,CMP-1039,B,6,
SA-1032,B,CMP-1090,B,5,
SA-1032,C,CMP-1788,C,4,
SA-1032,C,CMP-1843,C,2,
SA-1032,C,CMP-1039,C,6,
SA-1032,C,CMP-1090,C,5,
SA-1033,A,CMP-1409,A,6,
SA-1033,A,CMP-1965,A,4,
SA-1033,A,CMP-1570,A,5,
SA-1033,A,CMP-1422,A,4,
SA-1033,A,CMP-1620,A,6,
SA-1033,B,CMP-1409,B,6,
SA-1033,B,CMP-1965,B,4,
SA-1033,B,CMP-1570,B,5,
SA-1033,B,CMP-1422,B,4,
SA-1033,B,CMP-1620,B,6,
SA-1033,C,CMP-1409,C,6,
SA-1033,C,CMP-1965,C,4,
SA-1033,C,CMP-1570,C,5,
SA-1033,C,CMP-1422,C,4,
SA-1033,C,CMP-1620,C,6,
SA-1033,D,CMP-1409,C,6,
SA-1033,D,CMP-1965,C,4,
SA-1033,D,CMP-1570,D,5,
SA-1033,D,CMP-1422,D,4,
SA-1033,D,CMP-1620,C,6,
SA-1034,A,CMP-1576,A,6,
SA-1034,A,CMP-1300,A,1,
SA-1034,A,CMP-1532,A,1,
SA-1034,A,CMP-1426,A,4,
SA-1034,A,CMP-1460,A,2,
SA-1034,B,CMP-1576,B,6,
SA-1034,B,CMP-1300,B,1,
SA-1034,B,CMP-1532,B,1,
SA-1034,B,CMP-1426,B,4,
SA-1034,B,CMP-1460,B,2,
SA-1034,C,CMP-1576,C,6,
SA-1034,C,CMP-1300,C,1,
SA-1034,C,CMP-1532,C,1,
SA-1034,C,CMP-1426,C,4,
SA-1034,C,CMP-1460,C,2,
SA-1034,D,CMP-1576,C,6,
SA-1034,D,CMP-1300,C,1,
SA-1034,D,CMP-1532,D,1,
SA-1034,D,CMP-1426,C,4,
SA-1034,D,CMP-1460,C,2,
SA-1035,A,CMP-1800,A,1,
SA-1035,A,CMP-1320,A,1,
SA-1035,B,CMP-1800,B,1,
SA-1035,B,CMP-1320,B,1,
SA-1035,C,CMP-1800,C,1,
SA-1035,C,CMP-1320,C,1,
SA-1036,A,CMP-1516,A,1,
SA-1036,A,CMP-1661,A,4,
SA-1036,A,CMP-1362,A,1,
SA-1036,A,CMP-1446,A,4,
SA-1036,A,CMP-1762,A,4,
SA-1036,B,CMP-1516,B,1,
SA-1036,B,CMP-1661,B,4,
SA-1036,B,CMP-1362,B,1,
SA-1036,B,CMP-1446,B,4,
SA-1036,B,CMP-1762,B,4,
SA-1036,C,CMP-1516,C,1,
SA-1036,C,CMP-1661,C,4,
SA-1036,C,CMP-1362,C,1,
SA-1036,C,CMP-1446,C,4,
SA-1036,C,CMP-1762,C,4,
SA-1036,D,CMP-1516,D,1,
SA-1036,D,CMP-1661,C,4,
SA-1036,D,CMP-1362,D,1,
SA-1036,D,CMP-1446,D,4,
SA-1036,D,CMP-1762,C,4,
SA-1037,A,CMP-1822,A,1,
SA-1037,A,CMP-1289,A,1,
SA-1037,A,CMP-1511,A,4,
SA-1037,A,CMP-1665,A,2,
SA-1037,A,CMP-1501,A,3,
SA-1037,A,CMP-1029,A,4,
SA-1037,B,CMP-1822,B,1,
SA-1037,B,CMP-1289,B,1,
SA-1037,B,CMP-1511,B,4,
SA-1037,B,CMP-1665,B,2,
SA-1037,B,CMP-1501,B,3,
SA-1037,B,CMP-1029,B,4,
SA-1037,C,CMP-1822,C,1,
SA-1037,C,CMP-1289,C,1,
SA-1037,C,CMP-1511,C,4,
SA-1037,C,CMP-1665,C,2,
SA-1037,C,CMP-1501,C,3,
SA-1037,C,CMP-1029,C,4,
SA-1038,A,CMP-1414,A,5,
SA-1038,A,CMP-1361,A,5,
SA-1038,B,CMP-1414,B,5,
SA-1038,B,CMP-1361,B,5,
SA-1038,C,CMP-1414,C,5,
SA-1038,C,CMP-1361,C,5,
SA-1039,A,CMP-1513,A,2,
SA-1039,A,CMP-1932,A,4,
SA-1039,A,CMP-1397,A,6,
SA-1039,A,CMP-1659,A,3,
SA-1039,A,CMP-1694,A,3,
SA-1039,A,CMP-1921,A,1,
SA-1039,B,CMP-1513,B,2,
SA-1039,B,CMP-1932,B,4,
SA-1039,B,CMP-1397,B,6,
SA-1039,B,CMP-1659,B,3,
SA-1039,B,CMP-1694,B,3,
SA-1039,B,CMP-1921,B,1,
SA-1039,C,CMP-1513,C,2,
SA-1039,C,CMP-1932,C,4,
SA-1039,C,CMP-1397,C,6,
SA-1039,C,CMP-1659,C,3,
SA-1039,C,CMP-1694,C,3,
SA-1039,C,CMP-1921,C,1,
SA-1039,D,CMP-1513,D,2,
SA-1039,D,CMP-1932,D,4,
SA-1039,D,CMP-1397,C,6,
SA-1039,D,CMP-1659,C,3,
SA-1039,D,CMP-1694,D,3,
SA-1039,D,CMP-1921,D,1,
SA-1040,A,CMP-1162,A,4,
SA-1040,A,CMP-1127,A,1,
SA-1040,A,CMP-1651,A,5,
SA-1040,A,CMP-1003,A,2,
SA-1040,A,CMP-1446,A,2,
SA-1040,A,CMP-1614,A,2,
SA-1040,B,CMP-1162,B,4,
SA-1040,B,CMP-1127,B,1,
SA-1040,B,CMP-1651,B,5,
SA-1040,B,CMP-1003,B,2,
SA-1040,B,CMP-1446,B,2,
SA-1040,B,CMP-1614,B,2,
SA-1040,C,CMP-1162,C,4,
SA-1040,C,CMP-1127,C,1,
SA-1040,C,CMP-1651,C,5,
SA-1040,C,CMP-1003,C,2,
SA-1040,C,CMP-1446,C,2,
SA-1040,C,CMP-1614,C,2,
SA-1040,D,CMP-1162,D,4,
SA-1040,D,CMP-1127,C,1,
SA-1040,D,CMP-1651,D,5,
SA-1040,D,CMP-1003,D,2,
SA-1040,D,CMP-1446,D,2,
SA-1040,D,CMP-1614,C,2,
SA-1041,A,CMP-1641,A,2,
SA-1041,A,CMP-1658,A,2,
SA-1041,A,CMP-1966,A,3,
SA-1041,A,CMP-1942,A,2,
SA-1041,B,CMP-1641,B,2,
SA-1041,B,CMP-1658,B,2,
SA-1041,B,CMP-1966,B,3,
SA-1041,B,CMP-1942,B,2,
SA-1041,C,CMP-1641,C,2,
SA-1041,C,CMP-1658,C,2,
SA-1041,C,CMP-1966,C,3,
SA-1041,C,CMP-1942,C,2,
SA-1041,D,CMP-1641,C,2,
SA-1041,D,CMP-1658,D,2,
SA-1041,D,CMP-1966,D,3,
SA-1041,D,CMP-1942,D,2,
SA-1042,A,CMP-1990,A,2,
SA-1042,A,CMP-1941,A,1,
SA-1042,A,CMP-1384,A,1,
SA-1042,A,CMP-1349,A,2,
SA-1042,A,CMP-1152,A,3,
SA-1042,A,CMP-1257,A,4,
SA-1042,B,CMP-1990,B,2,
SA-1042,B,CMP-1941,B,1,
SA-1042,B,CMP-1384,B,1,
SA-1042,B,CMP-1349,B,2,
SA-1042,B,CMP-1152,B,3,
SA-1042,B,CMP-1257,B,4,
SA-1042,C,CMP-1990,C,2,
SA-1042,C,CMP-1941,C,1,
SA-1042,C,CMP-1384,C,1,
SA-1042,C,CMP-1349,C,2,
SA-1042,C,CMP-1152,C,3,
SA-1042,C,CMP-1257,C,4,
SA-1043,A,CMP-1505,A,4,
SA-1043,A,CMP-1620,A,2,
SA-1043,A,CMP-1601,A,3,
SA-1043,A,CMP-1442,A,6,
SA-1043,A,CMP-1439,A,5,
SA-1043,B,CMP-1505,B,4,
SA-1043,B,CMP-1620,B,2,
SA-1043,B,CMP-1601,B,3,
SA-1043,B,CMP-1442,B,6,
SA-1043,B,CMP-1439,B,5,
SA-1043,C,CMP-1505,C,4,
SA-1043,C,CMP-1620,C,2,
SA-1043,C,CMP-1601,C,3,
SA-1043,C,CMP-1442,C,6,
SA-1043,C,CMP-1439,C,5,
SA-1044,A,CMP-1652,A,4,
SA-1044,A,CMP-1529,A,3,
SA-1044,A,CMP-1055,A,5,
SA-1044,B,CMP-1652,B,4,
SA-1044,B,CMP-1529,B,3,
SA-1044,B,CMP-1055,B,5,
SA-1044,C,CMP-1652,C,4,
SA-1044,C,CMP-1529,C,3,
SA-1044,C,CMP-1055,C,5,
SA-1045,A,CMP-1327,A,6,
SA-1045,A,CMP-1178,A,4,
SA-1045,A,CMP-1166,A,5,
SA-1045,A,CMP-1121,A,4,
SA-1045,A,CMP-1551,A,1,
SA-1045,B,CMP-1327,B,6,
SA-1045,B,CMP-1178,B,4,
SA-1045,B,CMP-1166,B,5,
SA-1045,B,CMP-1121,B,4,
SA-1045,B,CMP-1551,B,1,
SA-1045,C,CMP-1327,C,6,
SA-1045,C,CMP-1178,C,4,
SA-1045,C,CMP-1166,C,5,
SA-1045,C,CMP-1121,C,4,
SA-1045,C,CMP-1551,C,1,
SA-1046,A,CMP-1167,A,3,
SA-1046,A,CMP-1132,A,1,
SA-1046,A,CMP-1182,A,3,
SA-1046,B,CMP-1167,B,3,
SA-1046,B,CMP-1132,B,1,
SA-1046,B,CMP-1182,B,3,
SA-1046,C,CMP-1167,C,3,
SA-1046,C,CMP-1132,C,1,
SA-1046,C,CMP-1182,C,3,
SA-1047,A,CMP-1236,A,4,
SA-1047,A,CMP-1905,A,2,
SA-1047,A,CMP-1317,A,4,
SA-1047,A,CMP-1999,A,3,
SA-1047,A,CMP-1801,A,3,
SA-1047,B,CMP-1236,B,4,
SA-1047,B,CMP-1905,B,2,
SA-1047,B,CMP-1317,B,4,
SA-1047,B,CMP-1999,B,3,
SA-1047,B,CMP-1801,B,3,
SA-1047,C,CMP-1236,C,4,
SA-1047,C,CMP-1905,C,2,
SA-1047,C,CMP-1317,C,4,
SA-1047,C,CMP-1999,C,3,
SA-1047,C,CMP-1801,C,3,
SA-1048,A,CMP-1337,A,4,
SA-1048,A,CMP-1146,A,1,
SA-1048,A,CMP-1957,A,3,
SA-1048,A,CMP-1923,A,1,
SA-1048,A,CMP-1058,A,2,
SA-1048,A,CMP-1084,A,2,
SA-1048,B,CMP-1337,B,4,
SA-1048,B,CMP-1146,B,1,
SA-1048,B,CMP-1957,B,3,
SA-1048,B,CMP-1923,B,1,
SA-1048,B,CMP-1058,B,2,
SA-1048,B,CMP-1084,B,2,
SA-1048,C,CMP-1337,C,4,
SA-1048,C,CMP-1146,C,1,
SA-1048,C,CMP-1957,C,3,
SA-1048,C,CMP-1923,C,1,
SA-1048,C,CMP-1058,C,2,
SA-1048,C,CMP-1084,C,2,
SA-1048,D,CMP-1337,C,4,
SA-1048,D,CMP-1146,D,1,
SA-1048,D,CMP-1957,C,3,
SA-1048,D,CMP-1923,D,1,
SA-1048,D,CMP-1058,D,2,
SA-1048,D,CMP-1084,D,2,
SA-1049,A,CMP-1567,A,5,
SA-1049,A,CMP-1565,A,2,
SA-1049,A,CMP-1651,A,3,
SA-1049,A,CMP-1715,A,6,
SA-1049,A,CMP-1182,A,5,
SA-1049,A,CMP-1407,A,3,
SA-1049,B,CMP-1567,B,5,
SA-1049,B,CMP-1565,B,2,
SA-1049,B,CMP-1651,B,3,
SA-1049,B,CMP-1715,B,6,
SA-1049,B,CMP-1182,B,5,
SA-1049,B,CMP-1407,B,3,
SA-1049,C,CMP-1567,C,5,
SA-1049,C,CMP-1565,C,2,
SA-1049,C,CMP-1651,C,3,
SA-1049,C,CMP-1715,C,6,
SA-1049,C,CMP-1182,C,5,
SA-1049,C,CMP-1407,C,3,
SA-1049,D,CMP-1567,C,5,
SA-1049,D,CMP-1565,C,2,
SA-1049,D,CMP-1651,D,3,
SA-1049,D,CMP-1715,C,6,
SA-1049,D,CMP-1182,C,5,
SA-1049,D,CMP-1407,C,3,
SA-1050,A,CMP-1959,A,6,
SA-1050,A,CMP-1301,A,6,
SA-1050,B,CMP-1959,B,6,
SA-1050,B,CMP-1301,B,6,
SA-1050,C,CMP-1959,C,6,
SA-1050,C,CMP-1301,C,6,
SA-1050,D,CMP-1959,D,6,
SA-1050,D,CMP-1301,D,6,
SA-1051,A,CMP-1170,A,3,
SA-1051,A,CMP-1820,A,2,
SA-1051,A,CMP-1162,A,2,
SA-1051,A,CMP-1911,A,5,
SA-1051,A,CMP-1067,A,5,
SA-1051,A,CMP-1703,A,4,
SA-1051,B,CMP-1170,B,3,
SA-1051,B,CMP-1820,B,2,
SA-1051,B,CMP-1162,B,2,
SA-1051,B,CMP-1911,B,5,
SA-1051,B,CMP-1067,B,5,
SA-1051,B,CMP-1703,B,4,
SA-1051,C,CMP-1170,C,3,
SA-1051,C,CMP-1820,C,2,
SA-1051,C,CMP-1162,C,2,
SA-1051,C,CMP-1911,C,5,
SA-1051,C,CMP-1067,C,5,
SA-1051,C,CMP-1703,C,4,
SA-1051,D,CMP-1170,C,3,
SA-1051,D,CMP-1820,D,2,
SA-1051,D,CMP-1162,D,2,
SA-1051,D,CMP-1911,D,5,
SA-1051,D,CMP-1067,C,5,
SA-1051,D,CMP-1703,C,4,
SA-1052,A,CMP-1182,A,4,
SA-1052,A,CMP-1900,A,5,
SA-1052,B,CMP-1182,B,4,
SA-1052,B,CMP-1900,B,5,
SA-1052,C,CMP-1182,C,4,
SA-1052,C,CMP-1900,C,5,
SA-1052,D,CMP-1182,C,4,
SA-1052,D,CMP-1900,C,5,
SA-1053,A,CMP-1776,A,3,
SA-1053,A,CMP-1578,A,2,
SA-1053,A,CMP-1909,A,4,
SA-1053,B,CMP-1776,B,3,
SA-1053,B,CMP-1578,B,2,
SA-1053,B,CMP-1909,B,4,
SA-1053,C,CMP-1776,C,3,
SA-1053,C,CMP-1578,C,2,
SA-1053,C,CMP-1909,C,4,
SA-1054,A,CMP-1458,A,1,
SA-1054,A,CMP-1556,A,3,
SA-1054,B,CMP-1458,B,1,
SA-1054,B,CMP-1556,B,3,
SA-1054,C,CMP-1458,C,1,
SA-1054,C,CMP-1556,C,3,
SA-1054,D,CMP-1458,C,1,
SA-1054,D,CMP-1556,C,3,
SA-1055,A,CMP-1075,A,6,
SA-1055,A,CMP-1557,A,4,
SA-1055,B,CMP-1075,B,6,
SA-1055,B,CMP-1557,B,4,
SA-1055,C,CMP-1075,C,6,
SA-1055,C,CMP-1557,C,4,
SA-1055,D,CMP-1075,C,6,
SA-1055,D,CMP-1557,C,4,
SA-1056,A,CMP-1527,A,3,
SA-1056,A,CMP-1438,A,1,
SA-1056,A,CMP-1177,A,2,
SA-1056,A,CMP-1369,A,5,
SA-1056,A,CMP-1725,A,4,
SA-1056,A,CMP-1641,A,6,
SA-1056,B,CMP-1527,B,3,
SA-1056,B,CMP-1438,B,1,
SA-1056,B,CMP-1177,B,2,
SA-1056,B,CMP-1369,B,5,
SA-1056,B,CMP-1725,B,4,
SA-1056,B,CMP-1641,B,6,
SA-1056,C,CMP-1527,C,3,
SA-1056,C,CMP-1438,C,1,
SA-1056,C,CMP-1177,C,2,
SA-1056,C,CMP-1369,C,5,
SA-1056,C,CMP-1725,C,4,
SA-1056,C,CMP-1641,C,6,
SA-1056,D,CMP-1527,C,3,
SA-1056,D,CMP-1438,C,1,
SA-1056,D,CMP-1177,C,2,
SA-1056,D,CMP-1369,D,5,
SA-1056,D,CMP-1725,D,4,
SA-1056,D,CMP-1641,C,6,
SA-1057,A,CMP-1628,A,3,
SA-1057,A,CMP-1474,A,4,
SA-1057,B,CMP-1628,B,3,
SA-1057,B,CMP-1474,B,4,
SA-1057,C,CMP-1628,C,3,
SA-1057,C,CMP-1474,C,4,
SA-1058,A,CMP-1276,A,5,
SA-1058,A,CMP-1590,A,5,
SA-1058,A,CMP-1326,A,4,
SA-1058,A,CMP-1597,A,5,
SA-1058,A,CMP-1889,A,2,
SA-1058,B,CMP-1276,B,5,
SA-1058,B,CMP-1590,B,5,
SA-1058,B,CMP-1326,B,4,
SA-1058,B,CMP-1597,B,5,
SA-1058,B,CMP-1889,B,2,
SA-1058,C,CMP-1276,C,5,
SA-1058,C,CMP-1590,C,5,
SA-1058,C,CMP-1326,C,4,
SA-1058,C,CMP-1597,C,5,
SA-1058,C,CMP-1889,C,2,
SA-1058,D,CMP-1276,D,5,
SA-1058,D,CMP-1590,C,5,
SA-1058,D,CMP-1326,C,4,
SA-1058,D,CMP-1597,C,5,
SA-1058,D,CMP-1889,C,2,
SA-1059,A,CMP-1182,A,3,
SA-1059,A,CMP-1752,A,6,
SA-1059,B,CMP-1182,B,3,
SA-1059,B,CMP-1752,B,6,
SA-1059,C,CMP-1182,C,3,
SA-1059,C,CMP-1752,C,6,
SA-1060,A,CMP-1982,A,4,
SA-1060,A,CMP-1940,A,2,
SA-1060,A,CMP-1973,A,2,
SA-1060,A,CMP-1943,A,5,
SA-1060,B,CMP-1982,B,4,
SA-1060,B,CMP-1940,B,2,
SA-1060,B,CMP-1973,B,2,
SA-1060,B,CMP-1943,B,5,
SA-1060,C,CMP-1982,C,4,
SA-1060,C,CMP-1940,C,2,
SA-1060,C,CMP-1973,C,2,
SA-1060,C,CMP-1943,C,5,
SA-1061,A,CMP-1726,A,6,
SA-1061,A,CMP-1465,A,6,
SA-1061,A,CMP-1911,A,2,
SA-1061,A,CMP-1745,A,2,
SA-1061,B,CMP-1726,B,6,
SA-1061,B,CMP-1465,B,6,
SA-1061,B,CMP-1911,B,2,
SA-1061,B,CMP-1745,B,2,
SA-1061,C,CMP-1726,C,6,
SA-1061,C,CMP-1465,C,6,
SA-1061,C,CMP-1911,C,2,
SA-1061,C,CMP-1745,C,2,
SA-1061,D,CMP-1726,D,6,
SA-1061,D,CMP-1465,C,6,
SA-1061,D,CMP-1911,D,2,
SA-1061,D,CMP-1745,C,2,
SA-1062,A,CMP-1923,A,6,
SA-1062,A,CMP-1874,A,1,
SA-1062,A,CMP-1213,A,2,
SA-1062,B,CMP-1923,B,6,
SA-1062,B,CMP-1874,B,1,
SA-1062,B,CMP-1213,B,2,
SA-1062,C,CMP-1923,C,6,
SA-1062,C,CMP-1874,C,1,
SA-1062,C,CMP-1213,C,2,
SA-1062,D,CMP-1923,D,6,
SA-1062,D,CMP-1874,C,1,
SA-1062,D,CMP-1213,D,2,
SA-1063,A,CMP-1576,A,1,
SA-1063,A,CMP-1410,A,6,
SA-1063,A,CMP-1736,A,3,
SA-1063,B,CMP-1576,B,1,
SA-1063,B,CMP-1410,B,6,
SA-1063,B,CMP-1736,B,3,
SA-1063,C,CMP-1576,C,1,
SA-1063,C,CMP-1410,C,6,
SA-1063,C,CMP-1736,C,3,
SA-1064,A,CMP-1923,A,3,
SA-1064,A,CMP-1344,A,3,
SA-1064,A,CMP-1315,A,4,
SA-1064,A,CMP-1003,A,1,
SA-1064,B,CMP-1923,B,3,
SA-1064,B,CMP-1344,B,3,
SA-1064,B,CMP-1315,B,4,
SA-1064,B,CMP-1003,B,1,
SA-1064,C,CMP-1923,C,3,
SA-1064,C,CMP-1344,C,3,
SA-1064,C,CMP-1315,C,4,
SA-1064,C,CMP-1003,C,1,
SA-1065,A,CMP-1895,A,2,
SA-1065,A,CMP-1514,A,1,
SA-1065,A,CMP-1437,A,3,
SA-1065,A,CMP-1225,A,1,
SA-1065,A,CMP-1517,A,5,
SA-1065,B,CMP-1895,B,2,
SA-1065,B,CMP-1514,B,1,
SA-1065,B,CMP-1437,B,3,
SA-1065,B,CMP-1225,B,1,
SA-1065,B,CMP-1517,B,5,
SA-1065,C,CMP-1895,C,2,
SA-1065,C,CMP-1514,C,1,
SA-1065,C,CMP-1437,C,3,
SA-1065,C,CMP-1225,C,1,
SA-1065,C,CMP-1517,C,5,
SA-1065,D,CMP-1895,C,2,
SA-1065,D,CMP-1514,C,1,
SA-1065,D,CMP-1437,D,3,
SA-1065,D,CMP-1225,C,1,
SA-1065,D,CMP-1517,D,5,
SA-1066,A,CMP-1662,A,2,
SA-1066,A,CMP-1112,A,5,
SA-1066,B,CMP-1662,B,2,
SA-1066,B,CMP-1112,B,5,
SA-1066,C,CMP-1662,C,2,
SA-1066,C,CMP-1112,C,5,
SA-1067,A,CMP-1183,A,3,
SA-1067,A,CMP-1626,A,5,
SA-1067,A,CMP-1843,A,6,
SA-1067,B,CMP-1183,B,3,
SA-1067,B,CMP-1626,B,5,
SA-1067,B,CMP-1843,B,6,
SA-1067,C,CMP-1183,C,3,
SA-1067,C,CMP-1626,C,5,
SA-1067,C,CMP-1843,C,6,
SA-1067,D,CMP-1183,C,3,
SA-1067,D,CMP-1626,D,5,
SA-1067,D,CMP-1843,C,6,
SA-1068,A,CMP-1944,A,1,
SA-1068,A,CMP-1981,A,4,
SA-1068,A,CMP-1866,A,1,
SA-1068,A,CMP-1712,A,3,
SA-1068,A,CMP-1466,A,3,
SA-1068,B,CMP-1944,B,1,
SA-1068,B,CMP-1981,B,4,
SA-1068,B,CMP-1866,B,1,
SA-1068,B,CMP-1712,B,3,
SA-1068,B,CMP-1466,B,3,
SA-1068,C,CMP-1944,C,1,
SA-1068,C,CMP-1981,C,4,
SA-1068,C,CMP-1866,C,1,
SA-1068,C,CMP-1712,C,3,
SA-1068,C,CMP-1466,C,3,
SA-1068,D,CMP-1944,C,1,
SA-1068,D,CMP-1981,C,4,
SA-1068,D,CMP-1866,D,1,
SA-1068,D,CMP-1712,D,3,
SA-1068,D,CMP-1466,D,3,
SA-1069,A,CMP-1410,A,6,
SA-1069,A,CMP-1399,A,5,
SA-1069,A,CMP-1880,A,2,
SA-1069,A,CMP-1431,A,2,
SA-1069,B,CMP-1410,B,6,
SA-1069,B,CMP-1399,B,5,
SA-1069,B,CMP-1880,B,2,
SA-1069,B,CMP-1431,B,2,
SA-1069,C,CMP-1410,C,6,
SA-1069,C,CMP-1399,C,5,
SA-1069,C,CMP-1880,C,2,
SA-1069,C,CMP-1431,C,2,
SA-1069,D,CMP-1410,C,6,
SA-1069,D,CMP-1399,D,5,
SA-1069,D,CMP-1880,C,2,
SA-1069,D,CMP-1431,D,2,
SA-1070,A,CMP-1550,A,2,
SA-1070,A,CMP-1749,A,1,
SA-1070,B,CMP-1550,B,2,
SA-1070,B,CMP-1749,B,1,
SA-1070,C,CMP-1550,C,2,
SA-1070,C,CMP-1749,C,1,
SA-1071,A,CMP-1383,A,1,
SA-1071,A,CMP-1638,A,5,
SA-1071,A,CMP-1506,A,2,
SA-1071,A,CMP-1418,A,1,
SA-1071,B,CMP-1383,B,1,
SA-1071,B,CMP-1638,B,5,
SA-1071,B,CMP-1506,B,2,
SA-1071,B,CMP-1418,B,1,
SA-1071,C,CMP-1383,C,1,
SA-1071,C,CMP-1638,C,5,
SA-1071,C,CMP-1506,C,2,
SA-1071,C,CMP-1418,C,1,
SA-1072,A,CMP-1029,A,6,
SA-1072,A,CMP-1395,A,3,
SA-1072,B,CMP-1029,B,6,
SA-1072,B,CMP-1395,B,3,
SA-1072,C,CMP-1029,C,6,
SA-1072,C,CMP-1395,C,3,
SA-1073,A,CMP-1196,A,3,
SA-1073,A,CMP-1560,A,5,
SA-1073,A,CMP-1427,A,4,
SA-1073,A,CMP-1523,A,4,
SA-1073,B,CMP-1196,B,3,
SA-1073,B,CMP-1560,B,5,
SA-1073,B,CMP-1427,B,4,
SA-1073,B,CMP-1523,B,4,
SA-1073,C,CMP-1196,C,3,
SA-1073,C,CMP-1560,C,5,
SA-1073,C,CMP-1427,C,4,
SA-1073,C,CMP-1523,C,4,
SA-1074,A,CMP-1167,A,4,
SA-1074,A,CMP-1524,A,1,
SA-1074,A,CMP-1009,A,3,
SA-1074,A,CMP-1456,A,5,
SA-1074,A,CMP-1038,A,2,
SA-1074,A,CMP-1067,A,2,
SA-1074,B,CMP-1167,B,4,
SA-1074,B,CMP-1524,B,1,
SA-1074,B,CMP-1009,B,3,
SA-1074,B,CMP-1456,B,5,
SA-1074,B,CMP-1038,B,2,
SA-1074,B,CMP-1067,B,2,
SA-1074,C,CMP-1167,C,4,
SA-1074,C,CMP-1524,C,1,
SA-1074,C,CMP-1009,C,3,
SA-1074,C,CMP-1456,C,5,
SA-1074,C,CMP-1038,C,2,
SA-1074,C,CMP-1067,C,2,
SA-1074,D,CMP-1167,D,4,
SA-1074,D,CMP-1524,D,1,
SA-1074,D,CMP-1009,D,3,
SA-1074,D,CMP-1456,D,5,
SA-1074,D,CMP-1038,C,2,
SA-1074,D,CMP-1067,C,2,
SA-1075,A,CMP-1721,A,5,
SA-1075,A,CMP-1285,A,1,
SA-1075,A,CMP-1079,A,5,
SA-1075,B,CMP-1721,B,5,
SA-1075,B,CMP-1285,B,1,
SA-1075,B,CMP-1079,B,5,
SA-1075,C,CMP-1721,C,5,
SA-1075,C,CMP-1285,C,1,
SA-1075,C,CMP-1079,C,5,
SA-1076,A,CMP-1052,A,5,
SA-1076,A,CMP-1268,A,2,
SA-1076,A,CMP-1041,A,1,
SA-1076,B,CMP-1052,B,5,
SA-1076,B,CMP-1268,B,2,
SA-1076,B,CMP-1041,B,1,
SA-1076,C,CMP-1052,C,5,
SA-1076,C,CMP-1268,C,2,
SA-1076,C,CMP-1041,C,1,
SA-1076,D,CMP-1052,C,5,
SA-1076,D,CMP-1268,C,2,
SA-1076,D,CMP-1041,C,1,
SA-1077,A,CMP-1782,A,6,
SA-1077,A,CMP-1190,A,3,
SA-1077,A,CMP-1774,A,4,
SA-1077,A,CMP-1402,A,3,
SA-1077,B,CMP-1782,B,6,
SA-1077,B,CMP-1190,B,3,
SA-1077,B,CMP-1774,B,4,
SA-1077,B,CMP-1402,B,3,
SA-1077,C,CMP-1782,C,6,
SA-1077,C,CMP-1190,C,3,
SA-1077,C,CMP-1774,C,4,
SA-1077,C,CMP-1402,C,3,
SA-1077,D,CMP-1782,C,6,
SA-1077,D,CMP-1190,C,3,
SA-1077,D,CMP-1774,D,4,
SA-1077,D,CMP-1402,D,3,
SA-1078,A,CMP-1661,A,5,
SA-1078,A,CMP-1522,A,1,
SA-1078,A,CMP-1655,A,2,
SA-1078,A,CMP-1035,A,1,
SA-1078,A,CMP-1142,A,2,
SA-1078,A,CMP-1302,A,3,
SA-1078,B,CMP-1661,B,5,
SA-1078,B,CMP-1522,B,1,
SA-1078,B,CMP-1655,B,2,
SA-1078,B,CMP-1035,B,1,
SA-1078,B,CMP-1142,B,2,
SA-1078,B,CMP-1302,B,3,
SA-1078,C,CMP-1661,C,5,
SA-1078,C,CMP-1522,C,1,
SA-1078,C,CMP-1655,C,2,
SA-1078,C,CMP-1035,C,1,
SA-1078,C,CMP-1142,C,2,
SA-1078,C,CMP-1302,C,3,
SA-1079,A,CMP-1635,A,6,
SA-1079,A,CMP-1269,A,4,
SA-1079,A,CMP-1366,A,3,
SA-1079,A,CMP-1624,A,2,
SA-1079,A,CMP-1782,A,1,
SA-1079,A,CMP-1115,A,2,
SA-1079,B,CMP-1635,B,6,
SA-1079,B,CMP-1269,B,4,
SA-1079,B,CMP-1366,B,3,
SA-1079,B,CMP-1624,B,2,
SA-1079,B,CMP-1782,B,1,
SA-1079,B,CMP-1115,B,2,
SA-1079,C,CMP-1635,C,6,
SA-1079,C,CMP-1269,C,4,
SA-1079,C,CMP-1366,C,3,
SA-1079,C,CMP-1624,C,2,
SA-1079,C,CMP-1782,C,1,
SA-1079,C,CMP-1115,C,2,
SA-1079,D,CMP-1635,D,6,
SA-1079,D,CMP-1269,D,4,
SA-1079,D,CMP-1366,D,3,
SA-1079,D,CMP-1624,D,2,
SA-1079,D,CMP-1782,C,1,
SA-1079,D,CMP-1115,C,2,
SA-1080,A,CMP-1800,A,2,
SA-1080,A,CMP-1676,A,3,
SA-1080,A,CMP-1703,A,6,
SA-1080,A,CMP-1281,A,2,
SA-1080,A,CMP-1862,A,2,
SA-1080,A,CMP-1777,A,3,
SA-1080,B,CMP-1800,B,2,
SA-1080,B,CMP-1676,B,3,
SA-1080,B,CMP-1703,B,6,
SA-1080,B,CMP-1281,B,2,
SA-1080,B,CMP-1862,B,2,
SA-1080,B,CMP-1777,B,3,
SA-1080,C,CMP-1800,C,2,
SA-1080,C,CMP-1676,C,3,
SA-1080,C,CMP-1703,C,6,
SA-1080,C,CMP-1281,C,2,
SA-1080,C,CMP-1862,C,2,
SA-1080,C,CMP-1777,C,3,
SA-1080,D,CMP-1800,D,2,
SA-1080,D,CMP-1676,C,3,
SA-1080,D,CMP-1703,C,6,
SA-1080,D,CMP-1281,D,2,
SA-1080,D,CMP-1862,C,2,
SA-1080,D,CMP-1777,D,3,
SA-1081,A,CMP-1420,A,5,
SA-1081,A,CMP-1187,A,3,
SA-1081,A,CMP-1198,A,5,
SA-1081,A,CMP-1452,A,1,
SA-1081,A,CMP-1297,A,1,
SA-1081,B,CMP-1420,B,5,
SA-1081,B,CMP-1187,B,3,
SA-1081,B,CMP-1198,B,5,
SA-1081,B,CMP-1452,B,1,
SA-1081,B,CMP-1297,B,1,
SA-1081,C,CMP-1420,C,5,
SA-1081,C,CMP-1187,C,3,
SA-1081,C,CMP-1198,C,5,
SA-1081,C,CMP-1452,C,1,
SA-1081,C,CMP-1297,C,1,
SA-1081,D,CMP-1420,D,5,
SA-1081,D,CMP-1187,C,3,
SA-1081,D,CMP-1198,C,5,
SA-1081,D,CMP-1452,D,1,
SA-1081,D,CMP-1297,C,1,
SA-1082,A,CMP-1909,A,1,
SA-1082,A,CMP-1787,A,2,
SA-1082,A,CMP-1548,A,3,
SA-1082,A,CMP-1253,A,4,
SA-1082,A,CMP-1370,A,6,
SA-1082,B,CMP-1909,B,1,
SA-1082,B,CMP-1787,B,2,
SA-1082,B,CMP-1548,B,3,
SA-1082,B,CMP-1253,B,4,
SA-1082,B,CMP-1370,B,6,
SA-1082,C,CMP-1909,C,1,
SA-1082,C,CMP-1787,C,2,
SA-1082,C,CMP-1548,C,3,
SA-1082,C,CMP-1253,C,4,
SA-1082,C,CMP-1370,C,6,
SA-1082,D,CMP-1909,D,1,
SA-1082,D,CMP-1787,C,2,
SA-1082,D,CMP-1548,C,3,
SA-1082,D,CMP-1253,D,4,
SA-1082,D,CMP-1370,C,6,
SA-1083,A,CMP-1787,A,1,
SA-1083,A,CMP-1033,A,1,
SA-1083,A,CMP-1085,A,2,
SA-1083,A,CMP-1942,A,6,
SA-1083,A,CMP-1904,A,6,
SA-1083,B,CMP-1787,B,1,
SA-1083,B,CMP-1033,B,1,
SA-1083,B,CMP-1085,B,2,
SA-1083,B,CMP-1942,B,6,
SA-1083,B,CMP-1904,B,6,
SA-1083,C,CMP-1787,C,1,
SA-1083,C,CMP-1033,C,1,
SA-1083,C,CMP-1085,C,2,
SA-1083,C,CMP-1942,C,6,
SA-1083,C,CMP-1904,C,6,
SA-1084,A,CMP-1495,A,1,
SA-1084,A,CMP-1265,A,3,
SA-1084,A,CMP-1803,A,6,
SA-1084,A,CMP-1184,A,5,
SA-1084,B,CMP-1495,B,1,
SA-1084,B,CMP-1265,B,3,
SA-1084,B,CMP-1803,B,6,
SA-1084,B,CMP-1184,B,5,
SA-1084,C,CMP-1495,C,1,
SA-1084,C,CMP-1265,C,3,
SA-1084,C,CMP-1803,C,6,
SA-1084,C,CMP-1184,C,5,
SA-1085,A,CMP-1981,A,6,
SA-1085,A,CMP-1042,A,5,
SA-1085,B,CMP-1981,B,6,
SA-1085,B,CMP-1042,B,5,
SA-1085,C,CMP-1981,C,6,
SA-1085,C,CMP-1042,C,5,
SA-1086,A,CMP-1566,A,2,
SA-1086,A,CMP-1584,A,6,
SA-1086,A,CMP-1783,A,6,
SA-1086,A,CMP-1127,A,1,
SA-1086,A,CMP-1363,A,2,
SA-1086,A,CMP-1005,A,5,
SA-1086,B,CMP-1566,B,2,
SA-1086,B,CMP-1584,B,6,
SA-1086,B,CMP-1783,B,6,
SA-1086,B,CMP-1127,B,1,
SA-1086,B,CMP-1363,B,2,
SA-1086,B,CMP-1005,B,5,
SA-1086,C,CMP-1566,C,2,
SA-1086,C,CMP-1584,C,6,
SA-1086,C,CMP-1783,C,6,
SA-1086,C,CMP-1127,C,1,
SA-1086,C,CMP-1363,C,2,
SA-1086,C,CMP-1005,C,5,
SA-1086,D,CMP-1566,D,2,
SA-1086,D,CMP-1584,C,6,
SA-1086,D,CMP-1783,C,6,
SA-1086,D,CMP-1127,C,1,
SA-1086,D,CMP-1363,D,2,
SA-1086,D,CMP-1005,D,5,
SA-1087,A,CMP-1805,A,4,
SA-1087,A,CMP-1990,A,5,
SA-1087,A,CMP-1312,A,1,
SA-1087,B,CMP-1805,B,4,
SA-1087,B,CMP-1990,B,5,
SA-1087,B,CMP-1312,B,1,
SA-1087,C,CMP-1805,C,4,
SA-1087,C,CMP-1990,C,5,
SA-1087,C,CMP-1312,C,1,
SA-1087,D,CMP-1805,C,4,
SA-1087,D,CMP-1990,C,5,
SA-1087,D,CMP-1312,D,1,
SA-1088,A,CMP-1532,A,2,
SA-1088,A,CMP-1972,A,1,
SA-1088,A,CMP-1065,A,6,
SA-1088,A,CMP-1096,A,4,
SA-1088,B,CMP-1532,B,2,
SA-1088,B,CMP-1972,B,1,
SA-1088,B,CMP-1065,B,6,
SA-1088,B,CMP-1096,B,4,
SA-1088,C,CMP-1532,C,2,
SA-1088,C,CMP-1972,C,1,
SA-1088,C,CMP-1065,C,6,
SA-1088,C,CMP-1096,C,4,
SA-1089,A,CMP-1635,A,6,
SA-1089,A,CMP-1645,A,5,
SA-1089,A,CMP-1075,A,5,
SA-1089,A,CMP-1321,A,3,
SA-1089,A,CMP-1682,A,4,
SA-1089,B,CMP-1635,B,6,
SA-1089,B,CMP-1645,B,5,
SA-1089,B,CMP-1075,B,5,
SA-1089,B,CMP-1321,B,3,
SA-1089,B,CMP-1682,B,4,
SA-1089,C,CMP-1635,C,6,
SA-1089,C,CMP-1645,C,5,
SA-1089,C,CMP-1075,C,5,
SA-1089,C,CMP-1321,C,3,
SA-1089,C,CMP-1682,C,4,
SA-1089,D,CMP-1635,D,6,
SA-1089,D,CMP-1645,D,5,
SA-1089,D,CMP-1075,C,5,
SA-1089,D,CMP-1321,D,3,
SA-1089,D,CMP-1682,D,4,
SA-1090,A,CMP-1639,A,1,
SA-1090,A,CMP-1216,A,2,
SA-1090,A,CMP-1675,A,3,
SA-1090,A,CMP-1596,A,4,
SA-1090,B,CMP-1639,B,1,
SA-1090,B,CMP-1216,B,2,
SA-1090,B,CMP-1675,B,3,
SA-1090,B,CMP-1596,B,4,
SA-1090,C,CMP-1639,C,1,
SA-1090,C,CMP-1216,C,2,
SA-1090,C,CMP-1675,C,3,
SA-1090,C,CMP-1596,C,4,
SA-1091,A,CMP-1263,A,5,
SA-1091,A,CMP-1591,A,3,
SA-1091,A,CMP-1358,A,3,
SA-1091,A,CMP-1105,A,3,
SA-1091,B,CMP-1263,B,5,
SA-1091,B,CMP-1591,B,3,
SA-1091,B,CMP-1358,B,3,
SA-1091,B,CMP-1105,B,3,
SA-1091,C,CMP-1263,C,5,
SA-1091,C,CMP-1591,C,3,
SA-1091,C,CMP-1358,C,3,
SA-1091,C,CMP-1105,C,3,
SA-1091,D,CMP-1263,D,5,
SA-1091,D,CMP-1591,D,3,
SA-1091,D,CMP-1358,D,3,
SA-1091,D,CMP-1105,D,3,
SA-1092,A,CMP-1899,A,5,
SA-1092,A,CMP-1966,A,4,
SA-1092,B,CMP-1899,B,5,
SA-1092,B,CMP-1966,B,4,
SA-1092,C,CMP-1899,C,5,
SA-1092,C,CMP-1966,C,4,
SA-1093,A,CMP-1769,A,6,
SA-1093,A,CMP-1880,A,2,
SA-1093,A,CMP-1297,A,4,
SA-1093,A,CMP-1918,A,4,
SA-1093,B,CMP-1769,B,6,
SA-1093,B,CMP-1880,B,2,
SA-1093,B,CMP-1297,B,4,
SA-1093,B,CMP-1918,B,4,
SA-1093,C,CMP-1769,C,6,
SA-1093,C,CMP-1880,C,2,
SA-1093,C,CMP-1297,C,4,
SA-1093,C,CMP-1918,C,4,
SA-1094,A,CMP-1872,A,3,
SA-1094,A,CMP-1352,A,2,
SA-1094,A,CMP-1377,A,5,
SA-1094,A,CMP-1882,A,6,
SA-1094,A,CMP-1827,A,5,
SA-1094,A,CMP-1326,A,3,
SA-1094,B,CMP-1872,B,3,
SA-1094,B,CMP-1352,B,2,
SA-1094,B,CMP-1377,B,5,
SA-1094,B,CMP-1882,B,6,
SA-1094,B,CMP-1827,B,5,
SA-1094,B,CMP-1326,B,3,
SA-1094,C,CMP-1872,C,3,
SA-1094,C,CMP-1352,C,2,
SA-1094,C,CMP-1377,C,5,
SA-1094,C,CMP-1882,C,6,
SA-1094,C,CMP-1827,C,5,
SA-1094,C,CMP-1326,C,3,
SA-1094,D,CMP-1872,D,3,
SA-1094,D,CMP-1352,D,2,
SA-1094,D,CMP-1377,C,5,
SA-1094,D,CMP-1882,D,6,
SA-1094,D,CMP-1827,C,5,
SA-1094,D,CMP-1326,C,3,
SA-1095,A,CMP-1666,A,3,
SA-1095,A,CMP-1140,A,2,
SA-1095,A,CMP-1537,A,5,
SA-1095,A,CMP-1739,A,2,
SA-1095,A,CMP-1344,A,3,
SA-1095,A,CMP-1637,A,6,
SA-1095,B,CMP-1666,B,3,
SA-1095,B,CMP-1140,B,2,
SA-1095,B,CMP-1537,B,5,
SA-1095,B,CMP-1739,B,2,
SA-1095,B,CMP-1344,B,3,
SA-1095,B,CMP-1637,B,6,
SA-1095,C,CMP-1666,C,3,
SA-1095,C,CMP-1140,C,2,
SA-1095,C,CMP-1537,C,5,
SA-1095,C,CMP-1739,C,2,
SA-1095,C,CMP-1344,C,3,
SA-1095,C,CMP-1637,C,6,
SA-1095,D,CMP-1666,C,3,
SA-1095,D,CMP-1140,D,2,
SA-1095,D,CMP-1537,D,5,
SA-1095,D,CMP-1739,C,2,
SA-1095,D,CMP-1344,D,3,
SA-1095,D,CMP-1637,D,6,
SA-1096,A,CMP-1420,A,1,
SA-1096,A,CMP-1606,A,3,
SA-1096,A,CMP-1844,A,1,
SA-1096,A,CMP-1097,A,1,
SA-1096,B,CMP-1420,B,1,
SA-1096,B,CMP-1606,B,3,
SA-1096,B,CMP-1844,B,1,
SA-1096,B,CMP-1097,B,1,
SA-1096,C,CMP-1420,C,1,
SA-1096,C,CMP-1606,C,3,
SA-1096,C,CMP-1844,C,1,
SA-1096,C,CMP-1097,C,1,
SA-1096,D,CMP-1420,D,1,
SA-1096,D,CMP-1606,C,3,
SA-1096,D,CMP-1844,C,1,
SA-1096,D,CMP-1097,D,1,
SA-1097,A,CMP-1818,A,4,
SA-1097,A,CMP-1136,A,6,
SA-1097,A,CMP-1847,A,4,
SA-1097,A,CMP-1708,A,2,
SA-1097,B,CMP-1818,B,4,
SA-1097,B,CMP-1136,B,6,
SA-1097,B,CMP-1847,B,4,
SA-1097,B,CMP-1708,B,2,
SA-1097,C,CMP-1818,C,4,
SA-1097,C,CMP-1136,C,6,
SA-1097,C,CMP-1847,C,4,
SA-1097,C,CMP-1708,C,2,
SA-1097,D,CMP-1818,D,4,
SA-1097,D,CMP-1136,D,6,
SA-1097,D,CMP-1847,C,4,
SA-1097,D,CMP-1708,D,2,
SA-1098,A,CMP-1789,A,3,
SA-1098,A,CMP-1681,A,2,
SA-1098,B,CMP-1789,B,3,
SA-1098,B,CMP-1681,B,2,
SA-1098,C,CMP-1789,C,3,
SA-1098,C,CMP-1681,C,2,
SA-1098,D,CMP-1789,C,3,
SA-1098,D,CMP-1681,D,2,
SA-1099,A,CMP-1310,A,6,
SA-1099,A,CMP-1722,A,6,
SA-1099,A,CMP-1674,A,1,
SA-1099,A,CMP-1579,A,3,
SA-1099,A,CMP-1512,A,2,
SA-1099,A,CMP-1028,A,6,
SA-1099,B,CMP-1310,B,6,
SA-1099,B,CMP-1722,B,6,
SA-1099,B,CMP-1674,B,1,
SA-1099,B,CMP-1579,B,3,
SA-1099,B,CMP-1512,B,2,
SA-1099,B,CMP-1028,B,6,
SA-1099,C,CMP-1310,C,6,
SA-1099,C,CMP-1722,C,6,
SA-1099,C,CMP-1674,C,1,
SA-1099,C,CMP-1579,C,3,
SA-1099,C,CMP-1512,C,2,
SA-1099,C,CMP-1028,C,6,
SA-1099,D,CMP-1310,D,6,
SA-1099,D,CMP-1722,D,6,
SA-1099,D,CMP-1674,D,1,
SA-1099,D,CMP-1579,D,3,
SA-1099,D,CMP-1512,C,2,
SA-1099,D,CMP-1028,C,6,
SA-1100,A,CMP-1082,A,4,
SA-1100,A,CMP-1670,A,2,
SA-1100,A,CMP-1309,A,2,
SA-1100,B,CMP-1082,B,4,
SA-1100,B,CMP-1670,B,2,
SA-1100,B,CMP-1309,B,2,
SA-1100,C,CMP-1082,C,4,
SA-1100,C,CMP-1670,C,2,
SA-1100,C,CMP-1309,C,2,
SA-1100,D,CMP-1082,C,4,
SA-1100,D,CMP-1670,C,2,
SA-1100,D,CMP-1309,C,2,
SA-1101,A,CMP-1116,A,3,
SA-1101,A,CMP-1114,A,6,
SA-1101,A,CMP-1221,A,5,
SA-1101,B,CMP-1116,B,3,
SA-1101,B,CMP-1114,B,6,
SA-1101,B,CMP-1221,B,5,
SA-1101,C,CMP-1116,C,3,
SA-1101,C,CMP-1114,C,6,
SA-1101,C,CMP-1221,C,5,
SA-1101,D,CMP-1116,C,3,
SA-1101,D,CMP-1114,D,6,
SA-1101,D,CMP-1221,D,5,
SA-1102,A,CMP-1086,A,3,
SA-1102,A,CMP-1274,A,6,
SA-1102,A,CMP-1077,A,6,
SA-1102,A,CMP-1415,A,5,
SA-1102,A,CMP-1650,A,1,
SA-1102,B,CMP-1086,B,3,
SA-1102,B,CMP-1274,B,6,
SA-1102,B,CMP-1077,B,6,
SA-1102,B,CMP-1415,B,5,
SA-1102,B,CMP-1650,B,1,
SA-1102,C,CMP-1086,C,3,
SA-1102,C,CMP-1274,C,6,
SA-1102,C,CMP-1077,C,6,
SA-1102,C,CMP-1415,C,5,
SA-1102,C,CMP-1650,C,1,
SA-1103,A,CMP-1660,A,5,
SA-1103,A,CMP-1432,A,2,
SA-1103,A,CMP-1990,A,6,
SA-1103,B,CMP-1660,B,5,
SA-1103,B,CMP-1432,B,2,
SA-1103,B,CMP-1990,B,6,
SA-1103,C,CMP-1660,C,5,
SA-1103,C,CMP-1432,C,2,
SA-1103,C,CMP-1990,C,6,
SA-1104,A,CMP-1015,A,4,
SA-1104,A,CMP-1724,A,4,
SA-1104,A,CMP-1517,A,5,
SA-1104,A,CMP-1893,A,3,
SA-1104,A,CMP-1374,A,4,
SA-1104,B,CMP-1015,B,4,
SA-1104,B,CMP-1724,B,4,
SA-1104,B,CMP-1517,B,5,
SA-1104,B,CMP-1893,B,3,
SA-1104,B,CMP-1374,B,4,
SA-1104,C,CMP-1015,C,4,
SA-1104,C,CMP-1724,C,4,
SA-1104,C,CMP-1517,C,5,
SA-1104,C,CMP-1893,C,3,
SA-1104,C,CMP-1374,C,4,
SA-1105,A,CMP-1865,A,5,
SA-1105,A,CMP-1497,A,4,
SA-1105,A,CMP-1990,A,1,
SA-1105,B,CMP-1865,B,5,
SA-1105,B,CMP-1497,B,4,
SA-1105,B,CMP-1990,B,1,
SA-1105,C,CMP-1865,C,5,
SA-1105,C,CMP-1497,C,4,
SA-1105,C,CMP-1990,C,1,
SA-1106,A,CMP-1737,A,2,
SA-1106,A,CMP-1744,A,5,
SA-1106,A,CMP-1767,A,3,
SA-1106,B,CMP-1737,B,2,
SA-1106,B,CMP-1744,B,5,
SA-1106,B,CMP-1767,B,3,
SA-1106,C,CMP-1737,C,2,
SA-1106,C,CMP-1744,C,5,
SA-1106,C,CMP-1767,C,3,
SA-1107,A,CMP-1671,A,6,
SA-1107,A,CMP-1418,A,3,
SA-1107,A,CMP-1157,A,5,
SA-1107,B,CMP-1671,B,6,
SA-1107,B,CMP-1418,B,3,
SA-1107,B,CMP-1157,B,5,
SA-1107,C,CMP-1671,C,6,
SA-1107,C,CMP-1418,C,3,
SA-1107,C,CMP-1157,C,5,
SA-1108,A,CMP-1287,A,2,
SA-1108,A,CMP-1600,A,1,
SA-1108,B,CMP-1287,B,2,
SA-1108,B,CMP-1600,B,1,
SA-1108,C,CMP-1287,C,2,
SA-1108,C,CMP-1600,C,1,
SA-1109,A,CMP-1325,A,2,
SA-1109,A,CMP-1870,A,6,
SA-1109,B,CMP-1325,B,2,
SA-1109,B,CMP-1870,B,6,
SA-1109,C,CMP-1325,C,2,
SA-1109,C,CMP-1870,C,6,
SA-1109,D,CMP-1325,C,2,
SA-1109,D,CMP-1870,C,6,
SA-1110,A,CMP-1688,A,3,
SA-1110,A,CMP-1438,A,2,
SA-1110,A,CMP-1117,A,6,
SA-1110,B,CMP-1688,B,3,
SA-1110,B,CMP-1438,B,2,
SA-1110,B,CMP-1117,B,6,
SA-1110,C,CMP-1688,C,3,
SA-1110,C,CMP-1438,C,2,
SA-1110,C,CMP-1117,C,6,
SA-1110,D,CMP-1688,D,3,
SA-1110,D,CMP-1438,C,2,
SA-1110,D,CMP-1117,C,6,
SA-1111,A,CMP-1758,A,6,
SA-1111,A,CMP-1717,A,5,
SA-1111,A,CMP-1062,A,6,
SA-1111,A,CMP-1934,A,5,
SA-1111,A,CMP-1239,A,4,
SA-1111,A,CMP-1416,A,6,
SA-1111,B,CMP-1758,B,6,
SA-1111,B,CMP-1717,B,5,
SA-1111,B,CMP-1062,B,6,
SA-1111,B,CMP-1934,B,5,
SA-1111,B,CMP-1239,B,4,
SA-1111,B,CMP-1416,B,6,
SA-1111,C,CMP-1758,C,6,
SA-1111,C,CMP-1717,C,5,
SA-1111,C,CMP-1062,C,6,
SA-1111,C,CMP-1934,C,5,
SA-1111,C,CMP-1239,C,4,
SA-1111,C,CMP-1416,C,6,
SA-1111,D,CMP-1758,C,6,
SA-1111,D,CMP-1717,C,5,
SA-1111,D,CMP-1062,D,6,
SA-1111,D,CMP-1934,C,5,
SA-1111,D,CMP-1239,C,4,
SA-1111,D,CMP-1416,D,6,
SA-1112,A,CMP-1265,A,4,
SA-1112,A,CMP-1591,A,1,
SA-1112,A,CMP-1963,A,5,
SA-1112,A,CMP-1304,A,6,
SA-1112,A,CMP-1604,A,1,
SA-1112,B,CMP-1265,B,4,
SA-1112,B,CMP-1591,B,1,
SA-1112,B,CMP-1963,B,5,
SA-1112,B,CMP-1304,B,6,
SA-1112,B,CMP-1604,B,1,
SA-1112,C,CMP-1265,C,4,
SA-1112,C,CMP-1591,C,1,
SA-1112,C,CMP-1963,C,5,
SA-1112,C,CMP-1304,C,6,
SA-1112,C,CMP-1604,C,1,
SA-1112,D,CMP-1265,D,4,
SA-1112,D,CMP-1591,D,1,
SA-1112,D,CMP-1963,C,5,
SA-1112,D,CMP-1304,C,6,
SA-1112,D,CMP-1604,D,1,
SA-1113,A,CMP-1193,A,2,
SA-1113,A,CMP-1585,A,2,
SA-1113,A,CMP-1842,A,1,
SA-1113,A,CMP-1458,A,4,
SA-1113,A,CMP-1356,A,2,
SA-1113,A,CMP-1852,A,2,
SA-1113,B,CMP-1193,B,2,
SA-1113,B,CMP-1585,B,2,
SA-1113,B,CMP-1842,B,1,
SA-1113,B,CMP-1458,B,4,
SA-1113,B,CMP-1356,B,2,
SA-1113,B,CMP-1852,B,2,
SA-1113,C,CMP-1193,C,2,
SA-1113,C,CMP-1585,C,2,
SA-1113,C,CMP-1842,C,1,
SA-1113,C,CMP-1458,C,4,
SA-1113,C,CMP-1356,C,2,
SA-1113,C,CMP-1852,C,2,
SA-1113,D,CMP-1193,D,2,
SA-1113,D,CMP-1585,D,2,
SA-1113,D,CMP-1842,D,1,
SA-1113,D,CMP-1458,C,4,
SA-1113,D,CMP-1356,D,2,
SA-1113,D,CMP-1852,D,2,
SA-1114,A,CMP-1066,A,2,
SA-1114,A,CMP-1117,A,3,
SA-1114,B,CMP-1066,B,2,
SA-1114,B,CMP-1117,B,3,
SA-1114,C,CMP-1066,C,2,
SA-1114,C,CMP-1117,C,3,
SA-1114,D,CMP-1066,C,2,
SA-1114,D,CMP-1117,C,3,
SA-1115,A,CMP-1532,A,1,
SA-1115,A,CMP-1508,A,1,
SA-1115,A,CMP-1171,A,2,
SA-1115,A,CMP-1197,A,3,
SA-1115,A,CMP-1581,A,6,
SA-1115,B,CMP-1532,B,1,
SA-1115,B,CMP-1508,B,1,
SA-1115,B,CMP-1171,B,2,
SA-1115,B,CMP-1197,B,3,
SA-1115,B,CMP-1581,B,6,
SA-1115,C,CMP-1532,C,1,
SA-1115,C,CMP-1508,C,1,
SA-1115,C,CMP-1171,C,2,
SA-1115,C,CMP-1197,C,3,
SA-1115,C,CMP-1581,C,6,
SA-1115,D,CMP-1532,D,1,
SA-1115,D,CMP-1508,D,1,
SA-1115,D,CMP-1171,D,2,
SA-1115,D,CMP-1197,D,3,
SA-1115,D,CMP-1581,C,6,
SA-1116,A,CMP-1586,A,2,
SA-1116,A,CMP-1596,A,5,
SA-1116,A,CMP-1142,A,5,
SA-1116,B,CMP-1586,B,2,
SA-1116,B,CMP-1596,B,5,
SA-1116,B,CMP-1142,B,5,
SA-1116,C,CMP-1586,C,2,
SA-1116,C,CMP-1596,C,5,
SA-1116,C,CMP-1142,C,5,
SA-1117,A,CMP-1936,A,1,
SA-1117,A,CMP-1754,A,3,
SA-1117,A,CMP-1451,A,4,
SA-1117,A,CMP-1251,A,6,
SA-1117,A,CMP-1913,A,5,
SA-1117,B,CMP-1936,B,1,
SA-1117,B,CMP-1754,B,3,
SA-1117,B,CMP-1451,B,4,
SA-1117,B,CMP-1251,B,6,
SA-1117,B,CMP-1913,B,5,
SA-1117,C,CMP-1936,C,1,
SA-1117,C,CMP-1754,C,3,
SA-1117,C,CMP-1451,C,4,
SA-1117,C,CMP-1251,C,6,
SA-1117,C,CMP-1913,C,5,
SA-1117,D,CMP-1936,C,1,
SA-1117,D,CMP-1754,C,3,
SA-1117,D,CMP-1451,D,4,
SA-1117,D,CMP-1251,D,6,
SA-1117,D,CMP-1913,C,5,
SA-1118,A,CMP-1240,A,3,
SA-1118,A,CMP-1313,A,4,
SA-1118,B,CMP-1240,B,3,
SA-1118,B,CMP-1313,B,4,
SA-1118,C,CMP-1240,C,3,
SA-1118,C,CMP-1313,C,4,
SA-1119,A,CMP-1456,A,1,
SA-1119,A,CMP-1481,A,3,
SA-1119,B,CMP-1456,B,1,
SA-1119,B,CMP-1481,B,3,
SA-1119,C,CMP-1456,C,1,
SA-1119,C,CMP-1481,C,3,
SA-1119,D,CMP-1456,D,1,
SA-1119,D,CMP-1481,D,3,
SA-1120,A,CMP-1625,A,3,
SA-1120,A,CMP-1410,A,3,
SA-1120,A,CMP-1779,A,1,
SA-1120,A,CMP-1427,A,2,
SA-1120,B,CMP-1625,B,3,
SA-1120,B,CMP-1410,B,3,
SA-1120,B,CMP-1779,B,1,
SA-1120,B,CMP-1427,B,2,
SA-1120,C,CMP-1625,C,3,
SA-1120,C,CMP-1410,C,3,
SA-1120,C,CMP-1779,C,1,
SA-1120,C,CMP-1427,C,2,
SA-1121,A,CMP-1594,A,2,
SA-1121,A,CMP-1902,A,6,
SA-1121,A,CMP-1713,A,4,
SA-1121,B,CMP-1594,B,2,
SA-1121,B,CMP-1902,B,6,
SA-1121,B,CMP-1713,B,4,
SA-1121,C,CMP-1594,C,2,
SA-1121,C,CMP-1902,C,6,
SA-1121,C,CMP-1713,C,4,
SA-1122,A,CMP-1984,A,1,
SA-1122,A,CMP-1372,A,2,
SA-1122,A,CMP-1412,A,4,
SA-1122,A,CMP-1276,A,3,
SA-1122,A,CMP-1877,A,2,
SA-1122,A,CMP-1915,A,2,
SA-1122,B,CMP-1984,B,1,
SA-1122,B,CMP-1372,B,2,
SA-1122,B,CMP-1412,B,4,
SA-1122,B,CMP-1276,B,3,
SA-1122,B,CMP-1877,B,2,
SA-1122,B,CMP-1915,B,2,
SA-1122,C,CMP-1984,C,1,
SA-1122,C,CMP-1372,C,2,
SA-1122,C,CMP-1412,C,4,
SA-1122,C,CMP-1276,C,3,
SA-1122,C,CMP-1877,C,2,
SA-1122,C,CMP-1915,C,2,
SA-1123,A,CMP-1670,A,5,
SA-1123,A,CMP-1979,A,2,
SA-1123,A,CMP-1597,A,6,
SA-1123,A,CMP-1460,A,1,
SA-1123,A,CMP-1188,A,2,
SA-1123,A,CMP-1503,A,1,
SA-1123,B,CMP-1670,B,5,
SA-1123,B,CMP-1979,B,2,
SA-1123,B,CMP-1597,B,6,
SA-1123,B,CMP-1460,B,1,
SA-1123,B,CMP-1188,B,2,
SA-1123,B,CMP-1503,B,1,
SA-1123,C,CMP-1670,C,5,
SA-1123,C,CMP-1979,C,2,
SA-1123,C,CMP-1597,C,6,
SA-1123,C,CMP-1460,C,1,
SA-1123,C,CMP-1188,C,2,
SA-1123,C,CMP-1503,C,1,
SA-1123,D,CMP-1670,C,5,
SA-1123,D,CMP-1979,C,2,
SA-1123,D,CMP-1597,C,6,
SA-1123,D,CMP-1460,C,1,
SA-1123,D,CMP-1188,D,2,
SA-1123,D,CMP-1503,D,1,
SA-1124,A,CMP-1388,A,3,
SA-1124,A,CMP-1024,A,2,
SA-1124,A,CMP-1315,A,2,
SA-1124,A,CMP-1630,A,5,
SA-1124,A,CMP-1653,A,5,
SA-1124,A,CMP-1976,A,6,
SA-1124,B,CMP-1388,B,3,
SA-1124,B,CMP-1024,B,2,
SA-1124,B,CMP-1315,B,2,
SA-1124,B,CMP-1630,B,5,
SA-1124,B,CMP-1653,B,5,
SA-1124,B,CMP-1976,B,6,
SA-1124,C,CMP-1388,C,3,
SA-1124,C,CMP-1024,C,2,
SA-1124,C,CMP-1315,C,2,
SA-1124,C,CMP-1630,C,5,
SA-1124,C,CMP-1653,C,5,
SA-1124,C,CMP-1976,C,6,
SA-1124,D,CMP-1388,C,3,
SA-1124,D,CMP-1024,D,2,
SA-1124,D,CMP-1315,D,2,
SA-1124,D,CMP-1630,C,5,
SA-1124,D,CMP-1653,C,5,
SA-1124,D,CMP-1976,D,6,
SA-1125,A,CMP-1095,A,2,
SA-1125,A,CMP-1782,A,2,
SA-1125,A,CMP-1363,A,4,
SA-1125,A,CMP-1626,A,1,
SA-1125,A,CMP-1013,A,6,
SA-1125,A,CMP-1501,A,3,
SA-1125,B,CMP-1095,B,2,
SA-1125,B,CMP-1782,B,2,
SA-1125,B,CMP-1363,B,4,
SA-1125,B,CMP-1626,B,1,
SA-1125,B,CMP-1013,B,6,
SA-1125,B,CMP-1501,B,3,
SA-1125,C,CMP-1095,C,2,
SA-1125,C,CMP-1782,C,2,
SA-1125,C,CMP-1363,C,4,
SA-1125,C,CMP-1626,C,1,
SA-1125,C,CMP-1013,C,6,
SA-1125,C,CMP-1501,C,3,
SA-1126,A,CMP-1848,A,4,
SA-1126,A,CMP-1758,A,4,
SA-1126,A,CMP-1804,A,4,
SA-1126,B,CMP-1848,B,4,
SA-1126,B,CMP-1758,B,4,
SA-1126,B,CMP-1804,B,4,
SA-1126,C,CMP-1848,C,4,
SA-1126,C,CMP-1758,C,4,
SA-1126,C,CMP-1804,C,4,
SA-1127,A,CMP-1691,A,6,
SA-1127,A,CMP-1729,A,2,
SA-1127,B,CMP-1691,B,6,
SA-1127,B,CMP-1729,B,2,
SA-1127,C,CMP-1691,C,6,
SA-1127,C,CMP-1729,C,2,
SA-1127,D,CMP-1691,C,6,
SA-1127,D,CMP-1729,C,2,
SA-1128,A,CMP-1902,A,6,
SA-1128,A,CMP-1041,A,2,
SA-1128,A,CMP-1745,A,3,
SA-1128,A,CMP-1345,A,4,
SA-1128,A,CMP-1608,A,3,
SA-1128,B,CMP-1902,B,6,
SA-1128,B,CMP-1041,B,2,
SA-1128,B,CMP-1745,B,3,
SA-1128,B,CMP-1345,B,4,
SA-1128,B,CMP-1608,B,3,
SA-1128,C,CMP-1902,C,6,
SA-1128,C,CMP-1041,C,2,
SA-1128,C,CMP-1745,C,3,
SA-1128,C,CMP-1345,C,4,
SA-1128,C,CMP-1608,C,3,
SA-1128,D,CMP-1902,C,6,
SA-1128,D,CMP-1041,C,2,
SA-1128,D,CMP-1745,C,3,
SA-1128,D,CMP-1345,D,4,
SA-1128,D,CMP-1608,C,3,
SA-1129,A,CMP-1019,A,1,
SA-1129,A,CMP-1568,A,4,
SA-1129,B,CMP-1019,B,1,
SA-1129,B,CMP-1568,B,4,
SA-1129,C,CMP-1019,C,1,
SA-1129,C,CMP-1568,C,4,
SA-1130,A,CMP-1948,A,6,
SA-1130,A,CMP-1310,A,3,
SA-1130,A,CMP-1330,A,5,
SA-1130,A,CMP-1555,A,5,
SA-1130,A,CMP-1953,A,1,
SA-1130,A,CMP-1288,A,1,
SA-1130,B,CMP-1948,B,6,
SA-1130,B,CMP-1310,B,3,
SA-1130,B,CMP-1330,B,5,
SA-1130,B,CMP-1555,B,5,
SA-1130,B,CMP-1953,B,1,
SA-1130,B,CMP-1288,B,1,
SA-1130,C,CMP-1948,C,6,
SA-1130,C,CMP-1310,C,3,
SA-1130,C,CMP-1330,C,5,
SA-1130,C,CMP-1555,C,5,
SA-1130,C,CMP-1953,C,1,
SA-1130,C,CMP-1288,C,1,
SA-1131,A,CMP-1807,A,2,
SA-1131,A,CMP-1166,A,2,
SA-1131,A,CMP-1293,A,6,
SA-1131,A,CMP-1544,A,3,
SA-1131,A,CMP-1647,A,3,
SA-1131,B,CMP-1807,B,2,
SA-1131,B,CMP-1166,B,2,
SA-1131,B,CMP-1293,B,6,
SA-1131,B,CMP-1544,B,3,
SA-1131,B,CMP-1647,B,3,
SA-1131,C,CMP-1807,C,2,
SA-1131,C,CMP-1166,C,2,
SA-1131,C,CMP-1293,C,6,
SA-1131,C,CMP-1544,C,3,
SA-1131,C,CMP-1647,C,3,
SA-1131,D,CMP-1807,C,2,
SA-1131,D,CMP-1166,C,2,
SA-1131,D,CMP-1293,C,6,
SA-1131,D,CMP-1544,D,3,
SA-1131,D,CMP-1647,C,3,
SA-1132,A,CMP-1400,A,6,
SA-1132,A,CMP-1096,A,4,
SA-1132,A,CMP-1919,A,5,
SA-1132,B,CMP-1400,B,6,
SA-1132,B,CMP-1096,B,4,
SA-1132,B,CMP-1919,B,5,
SA-1132,C,CMP-1400,C,6,
SA-1132,C,CMP-1096,C,4,
SA-1132,C,CMP-1919,C,5,
SA-1132,D,CMP-1400,C,6,
SA-1132,D,CMP-1096,C,4,
SA-1132,D,CMP-1919,C,5,
SA-1133,A,CMP-1473,A,6,
SA-1133,A,CMP-1671,A,1,
SA-1133,A,CMP-1374,A,4,
SA-1133,A,CMP-1332,A,2,
SA-1133,A,CMP-1034,A,3,
SA-1133,B,CMP-1473,B,6,
SA-1133,B,CMP-1671,B,1,
SA-1133,B,CMP-1374,B,4,
SA-1133,B,CMP-1332,B,2,
SA-1133,B,CMP-1034,B,3,
SA-1133,C,CMP-1473,C,6,
SA-1133,C,CMP-1671,C,1,
SA-1133,C,CMP-1374,C,4,
SA-1133,C,CMP-1332,C,2,
SA-1133,C,CMP-1034,C,3,
SA-1133,D,CMP-1473,D,6,
SA-1133,D,CMP-1671,C,1,
SA-1133,D,CMP-1374,D,4,
SA-1133,D,CMP-1332,C,2,
SA-1133,D,CMP-1034,C,3,
SA-1134,A,CMP-1087,A,3,
SA-1134,A,CMP-1812,A,1,
SA-1134,B,CMP-1087,B,3,
SA-1134,B,CMP-1812,B,1,
SA-1134,C,CMP-1087,C,3,
SA-1134,C,CMP-1812,C,1,
SA-1134,D,CMP-1087,C,3,
SA-1134,D,CMP-1812,D,1,
SA-1135,A,CMP-1469,A,6,
SA-1135,A,CMP-1605,A,4,
SA-1135,A,CMP-1574,A,5,
SA-1135,A,CMP-1100,A,1,
SA-1135,A,CMP-1538,A,6,
SA-1135,A,CMP-1147,A,2,
SA-1135,B,CMP-1469,B,6,
SA-1135,B,CMP-1605,B,4,
SA-1135,B,CMP-1574,B,5,
SA-1135,B,CMP-1100,B,1,
SA-1135,B,CMP-1538,B,6,
SA-1135,B,CMP-1147,B,2,
SA-1135,C,CMP-1469,C,6,
SA-1135,C,CMP-1605,C,4,
SA-1135,C,CMP-1574,C,5,
SA-1135,C,CMP-1100,C,1,
SA-1135,C,CMP-1538,C,6,
SA-1135,C,CMP-1147,C,2,
SA-1135,D,CMP-1469,D,6,
SA-1135,D,CMP-1605,C,4,
SA-1135,D,CMP-1574,C,5,
SA-1135,D,CMP-1100,D,1,
SA-1135,D,CMP-1538,D,6,
SA-1135,D,CMP-1147,C,2,
SA-1136,A,CMP-1909,A,2,
SA-1136,A,CMP-1093,A,5,
SA-1136,B,CMP-1909,B,2,
SA-1136,B,CMP-1093,B,5,
SA-1136,C,CMP-1909,C,2,
SA-1136,C,CMP-1093,C,5,
SA-1136,D,CMP-1909,D,2,
SA-1136,D,CMP-1093,D,5,
SA-1137,A,CMP-1801,A,2,
SA-1137,A,CMP-1636,A,4,
SA-1137,A,CMP-1106,A,2,
SA-1137,A,CMP-1587,A,2,
SA-1137,B,CMP-1801,B,2,
SA-1137,B,CMP-1636,B,4,
SA-1137,B,CMP-1106,B,2,
SA-1137,B,CMP-1587,B,2,
SA-1137,C,CMP-1801,C,2,
SA-1137,C,CMP-1636,C,4,
SA-1137,C,CMP-1106,C,2,
SA-1137,C,CMP-1587,C,2,
SA-1137,D,CMP-1801,C,2,
SA-1137,D,CMP-1636,D,4,
SA-1137,D,CMP-1106,C,2,
SA-1137,D,CMP-1587,C,2,
SA-1138,A,CMP-1606,A,1,
SA-1138,A,CMP-1559,A,5,
SA-1138,A,CMP-1669,A,5,
SA-1138,A,CMP-1022,A,2,
SA-1138,A,CMP-1401,A,4,
SA-1138,A,CMP-1540,A,2,
SA-1138,B,CMP-1606,B,1,
SA-1138,B,CMP-1559,B,5,
SA-1138,B,CMP-1669,B,5,
SA-1138,B,CMP-1022,B,2,
SA-1138,B,CMP-1401,B,4,
SA-1138,B,CMP-1540,B,2,
SA-1138,C,CMP-1606,C,1,
SA-1138,C,CMP-1559,C,5,
SA-1138,C,CMP-1669,C,5,
SA-1138,C,CMP-1022,C,2,
SA-1138,C,CMP-1401,C,4,
SA-1138,C,CMP-1540,C,2,
SA-1139,A,CMP-1680,A,2,
SA-1139,A,CMP-1431,A,6,
SA-1139,B,CMP-1680,B,2,
SA-1139,B,CMP-1431,B,6,
SA-1139,C,CMP-1680,C,2,
SA-1139,C,CMP-1431,C,6,
SA-1140,A,CMP-1969,A,4,
SA-1140,A,CMP-1893,A,5,
SA-1140,A,CMP-1393,A,1,
SA-1140,A,CMP-1467,A,5,
SA-1140,A,CMP-1101,A,2,
SA-1140,B,CMP-1969,B,4,
SA-1140,B,CMP-1893,B,5,
SA-1140,B,CMP-1393,B,1,
SA-1140,B,CMP-1467,B,5,
SA-1140,B,CMP-1101,B,2,
SA-1140,C,CMP-1969,C,4,
SA-1140,C,CMP-1893,C,5,
SA-1140,C,CMP-1393,C,1,
SA-1140,C,CMP-1467,C,5,
SA-1140,C,CMP-1101,C,2,
SA-1140,D,CMP-1969,D,4,
SA-1140,D,CMP-1893,C,5,
SA-1140,D,CMP-1393,C,1,
SA-1140,D,CMP-1467,C,5,
SA-1140,D,CMP-1101,C,2,
SA-1141,A,CMP-1814,A,2,
SA-1141,A,CMP-1000,A,1,
SA-1141,A,CMP-1813,A,6,
SA-1141,B,CMP-1814,B,2,
SA-1141,B,CMP-1000,B,1,
SA-1141,B,CMP-1813,B,6,
SA-1141,C,CMP-1814,C,2,
SA-1141,C,CMP-1000,C,1,
SA-1141,C,CMP-1813,C,6,
SA-1142,A,CMP-1625,A,2,
SA-1142,A,CMP-1616,A,6,
SA-1142,B,CMP-1625,B,2,
SA-1142,B,CMP-1616,B,6,
SA-1142,C,CMP-1625,C,2,
SA-1142,C,CMP-1616,C,6,
SA-1142,D,CMP-1625,C,2,
SA-1142,D,CMP-1616,D,6,
SA-1143,A,CMP-1316,A,6,
SA-1143,A,CMP-1887,A,3,
SA-1143,A,CMP-1855,A,5,
SA-1143,A,CMP-1822,A,3,
SA-1143,A,CMP-1562,A,4,
SA-1143,B,CMP-1316,B,6,
SA-1143,B,CMP-1887,B,3,
SA-1143,B,CMP-1855,B,5,
SA-1143,B,CMP-1822,B,3,
SA-1143,B,CMP-1562,B,4,
SA-1143,C,CMP-1316,C,6,
SA-1143,C,CMP-1887,C,3,
SA-1143,C,CMP-1855,C,5,
SA-1143,C,CMP-1822,C,3,
SA-1143,C,CMP-1562,C,4,
SA-1143,D,CMP-1316,D,6,
SA-1143,D,CMP-1887,D,3,
SA-1143,D,CMP-1855,D,5,
SA-1143,D,CMP-1822,D,3,
SA-1143,D,CMP-1562,C,4,
SA-1144,A,CMP-1574,A,6,
SA-1144,A,CMP-1399,A,6,
SA-1144,B,CMP-1574,B,6,
SA-1144,B,CMP-1399,B,6,
SA-1144,C,CMP-1574,C,6,
SA-1144,C,CMP-1399,C,6,
SA-1145,A,CMP-1828,A,1,
SA-1145,A,CMP-1655,A,5,
SA-1145,A,CMP-1533,A,3,
SA-1145,A,CMP-1535,A,1,
SA-1145,A,CMP-1794,A,6,
SA-1145,A,CMP-1273,A,2,
SA-1145,B,CMP-1828,B,1,
SA-1145,B,CMP-1655,B,5,
SA-1145,B,CMP-1533,B,3,
SA-1145,B,CMP-1535,B,1,
SA-1145,B,CMP-1794,B,6,
SA-1145,B,CMP-1273,B,2,
SA-1145,C,CMP-1828,C,1,
SA-1145,C,CMP-1655,C,5,
SA-1145,C,CMP-1533,C,3,
SA-1145,C,CMP-1535,C,1,
SA-1145,C,CMP-1794,C,6,
SA-1145,C,CMP-1273,C,2,
SA-1145,D,CMP-1828,C,1,
SA-1145,D,CMP-1655,C,5,
SA-1145,D,CMP-1533,C,3,
SA-1145,D,CMP-1535,D,1,
SA-1145,D,CMP-1794,D,6,
SA-1145,D,CMP-1273,C,2,
SA-1146,A,CMP-1724,A,3,
SA-1146,A,CMP-1166,A,1,
SA-1146,B,CMP-1724,B,3,
SA-1146,B,CMP-1166,B,1,
SA-1146,C,CMP-1724,C,3,
SA-1146,C,CMP-1166,C,1,
SA-1147,A,CMP-1386,A,2,
SA-1147,A,CMP-1430,A,4,
SA-1147,A,CMP-1234,A,3,
SA-1147,B,CMP-1386,B,2,
SA-1147,B,CMP-1430,B,4,
SA-1147,B,CMP-1234,B,3,
SA-1147,C,CMP-1386,C,2,
SA-1147,C,CMP-1430,C,4,
SA-1147,C,CMP-1234,C,3,
SA-1148,A,CMP-1222,A,4,
SA-1148,A,CMP-1587,A,4,
SA-1148,B,CMP-1222,B,4,
SA-1148,B,CMP-1587,B,4,
SA-1148,C,CMP-1222,C,4,
SA-1148,C,CMP-1587,C,4,
SA-1149,A,CMP-1686,A,3,
SA-1149,A,CMP-1982,A,2,
SA-1149,B,CMP-1686,B,3,
SA-1149,B,CMP-1982,B,2,
SA-1149,C,CMP-1686,C,3,
SA-1149,C,CMP-1982,C,2,
SA-1150,A,CMP-1563,A,5,
SA-1150,A,CMP-1276,A,1,
SA-1150,A,CMP-1133,A,4,
SA-1150,A,CMP-1625,A,6,
SA-1150,A,CMP-1785,A,3,
SA-1150,A,CMP-1670,A,1,
SA-1150,B,CMP-1563,B,5,
SA-1150,B,CMP-1276,B,1,
SA-1150,B,CMP-1133,B,4,
SA-1150,B,CMP-1625,B,6,
SA-1150,B,CMP-1785,B,3,
SA-1150,B,CMP-1670,B,1,
SA-1150,C,CMP-1563,C,5,
SA-1150,C,CMP-1276,C,1,
SA-1150,C,CMP-1133,C,4,
SA-1150,C,CMP-1625,C,6,
SA-1150,C,CMP-1785,C,3,
SA-1150,C,CMP-1670,C,1,
SA-1150,D,CMP-1563,C,5,
SA-1150,D,CMP-1276,D,1,
SA-1150,D,CMP-1133,C,4,
SA-1150,D,CMP-1625,C,6,
SA-1150,D,CMP-1785,C,3,
SA-1150,D,CMP-1670,C,1,
SA-1151,A,CMP-1738,A,3,
SA-1151,A,CMP-1218,A,6,
SA-1151,A,CMP-1897,A,1,
SA-1151,B,CMP-1738,B,3,
SA-1151,B,CMP-1218,B,6,
SA-1151,B,CMP-1897,B,1,
SA-1151,C,CMP-1738,C,3,
SA-1151,C,CMP-1218,C,6,
SA-1151,C,CMP-1897,C,1,
SA-1151,D,CMP-1738,C,3,
SA-1151,D,CMP-1218,D,6,
SA-1151,D,CMP-1897,D,1,
SA-1152,A,CMP-1359,A,4,
SA-1152,A,CMP-1144,A,3,
SA-1152,A,CMP-1641,A,3,
SA-1152,A,CMP-1682,A,6,
SA-1152,A,CMP-1890,A,1,
SA-1152,B,CMP-1359,B,4,
SA-1152,B,CMP-1144,B,3,
SA-1152,B,CMP-1641,B,3,
SA-1152,B,CMP-1682,B,6,
SA-1152,B,CMP-1890,B,1,
SA-1152,C,CMP-1359,C,4,
SA-1152,C,CMP-1144,C,3,
SA-1152,C,CMP-1641,C,3,
SA-1152,C,CMP-1682,C,6,
SA-1152,C,CMP-1890,C,1,
SA-1153,A,CMP-1566,A,6,
SA-1153,A,CMP-1749,A,5,
SA-1153,A,CMP-1846,A,5,
SA-1153,A,CMP-1686,A,5,
SA-1153,B,CMP-1566,B,6,
SA-1153,B,CMP-1749,B,5,
SA-1153,B,CMP-1846,B,5,
SA-1153,B,CMP-1686,B,5,
SA-1153,C,CMP-1566,C,6,
SA-1153,C,CMP-1749,C,5,
SA-1153,C,CMP-1846,C,5,
SA-1153,C,CMP-1686,C,5,
SA-1154,A,CMP-1502,A,2,
SA-1154,A,CMP-1093,A,1,
SA-1154,A,CMP-1973,A,4,
SA-1154,B,CMP-1502,B,2,
SA-1154,B,CMP-1093,B,1,
SA-1154,B,CMP-1973,B,4,
SA-1154,C,CMP-1502,C,2,
SA-1154,C,CMP-1093,C,1,
SA-1154,C,CMP-1973,C,4,
SA-1154,D,CMP-1502,C,2,
SA-1154,D,CMP-1093,D,1,
SA-1154,D,CMP-1973,D,4,
SA-1155,A,CMP-1147,A,4,
SA-1155,A,CMP-1339,A,4,
SA-1155,A,CMP-1349,A,3,
SA-1155,B,CMP-1147,B,4,
SA-1155,B,CMP-1339,B,4,
SA-1155,B,CMP-1349,B,3,
SA-1155,C,CMP-1147,C,4,
SA-1155,C,CMP-1339,C,4,
SA-1155,C,CMP-1349,C,3,
SA-1155,D,CMP-1147,C,4,
SA-1155,D,CMP-1339,C,4,
SA-1155,D,CMP-1349,D,3,
SA-1156,A,CMP-1563,A,3,
SA-1156,A,CMP-1525,A,1,
SA-1156,A,CMP-1266,A,2,
SA-1156,A,CMP-1440,A,1,
SA-1156,B,CMP-1563,B,3,
SA-1156,B,CMP-1525,B,1,
SA-1156,B,CMP-1266,B,2,
SA-1156,B,CMP-1440,B,1,
SA-1156,C,CMP-1563,C,3,
SA-1156,C,CMP-1525,C,1,
SA-1156,C,CMP-1266,C,2,
SA-1156,C,CMP-1440,C,1,
SA-1157,A,CMP-1103,A,6,
SA-1157,A,CMP-1443,A,6,
SA-1157,B,CMP-1103,B,6,
SA-1157,B,CMP-1443,B,6,
SA-1157,C,CMP-1103,C,6,
SA-1157,C,CMP-1443,C,6,
SA-1157,D,CMP-1103,C,6,
SA-1157,D,CMP-1443,C,6,
SA-1158,A,CMP-1999,A,3,
SA-1158,A,CMP-1496,A,6,
SA-1158,A,CMP-1563,A,3,
SA-1158,B,CMP-1999,B,3,
SA-1158,B,CMP-1496,B,6,
SA-1158,B,CMP-1563,B,3,
SA-1158,C,CMP-1999,C,3,
SA-1158,C,CMP-1496,C,6,
SA-1158,C,CMP-1563,C,3,
SA-1158,D,CMP-1999,D,3,
SA-1158,D,CMP-1496,C,6,
SA-1158,D,CMP-1563,C,3,
SA-1159,A,CMP-1227,A,3,
SA-1159,A,CMP-1570,A,2,
SA-1159,A,CMP-1485,A,4,
SA-1159,A,CMP-1933,A,4,
SA-1159,A,CMP-1295,A,6,
SA-1159,B,CMP-1227,B,3,
SA-1159,B,CMP-1570,B,2,
SA-1159,B,CMP-1485,B,4,
SA-1159,B,CMP-1933,B,4,
SA-1159,B,CMP-1295,B,6,
SA-1159,C,CMP-1227,C,3,
SA-1159,C,CMP-1570,C,2,
SA-1159,C,CMP-1485,C,4,
SA-1159,C,CMP-1933,C,4,
SA-1159,C,CMP-1295,C,6,
