number,name,description,uom
FG-1000,Enteral Feeding Set,Finished device / kit,EA
FG-1001,Surgical Tray,Finished device / kit,ML
FG-1002,"Tracheostomy Kit, Silicone",Finished device / kit,EA
FG-1003,Suction Canister Kit,Finished device / kit,EA
FG-1004,Tracheostomy Kit,Finished device / kit,EA
FG-1005,Drainage System,Finished device / kit,EA
FG-1006,ECG Electrode Pack,Finished device / kit,SET
FG-1007,Infusion Set,Finished device / kit,EA
FG-1008,Pulse Oximeter Sensor,Finished device / kit,EA
FG-1009,"Suction Canister Kit, TPU",Finished device / kit,EA
FG-1010,ECG Electrode Pack,Finished device / kit,FT
FG-1011,"Blood Collection Set, Silicone",Finished device / kit,EA
FG-1012,Drainage System,Finished device / kit,EA
FG-1013,"ECG Electrode Pack, TPU",Finished device / kit,SET
FG-1014,ECG Electrode Pack,Finished device / kit,EA
FG-1015,Wound Care Kit,Finished device / kit,FT
FG-1016,"Sterile Dressing Kit, Polycarbonate",Finished device / kit,EA
FG-1017,Blood Collection Set,Finished device / kit,EA
FG-1018,Pulse Oximeter Sensor,Finished device / kit,ML
FG-1019,"Pulse Oximeter Sensor, Polyethylene",Finished device / kit,ML
FG-1020,"Nebulizer Kit, SS 316L",Finished device / kit,EA
FG-1021,"Sterile Dressing Kit, Polypropylene",Finished device / kit,FT
FG-1022,Biopsy Kit,Finished device / kit,FT
FG-1023,Drainage System,Finished device / kit,EA
FG-1024,Drainage System,Finished device / kit,EA
FG-1025,Suction Canister Kit,Finished device / kit,EA
FG-1026,"Sterile Dressing Kit, SS 316L",Finished device / kit,SET
FG-1027,Enteral Feeding Set,Finished device / kit,SET
FG-1028,"Blood Collection Set, Silicone",Finished device / kit,SET
FG-1029,"Infusion Set, PETG",Finished device / kit,EA
FG-1030,Nebulizer Kit,Finished device / kit,FT
FG-1031,Surgical Tray,Finished device / kit,EA
FG-1032,Tracheostomy Kit,Finished device / kit,ML
FG-1033,"Infusion Set, SS 316L",Finished device / kit,EA
FG-1034,"Pulse Oximeter Sensor, Silicone",Finished device / kit,EA
FG-1035,Tracheostomy Kit,Finished device / kit,EA
FG-1036,Drainage System,Finished device / kit,ML
FG-1037,"Pulse Oximeter Sensor, Nylon",Finished device / kit,FT
FG-1038,Sterile Dressing Kit,Finished device / kit,EA
FG-1039,Nebulizer Kit,Finished device / kit,EA
SA-1000,Clamp Assembly,Sub-assembly,EA
SA-1001,"Luer Assembly, Polyethylene",Sub-assembly,EA
SA-1002,"Needle Hub Assembly, Silicone",Sub-assembly,EA
SA-1003,Connector Block,Sub-assembly,EA
SA-1004,Battery Pack,Sub-assembly,EA
SA-1005,"Cuff Assembly, Nylon",Sub-assembly,FT
SA-1006,"Filter Housing, Polyurethane",Sub-assembly,FT
SA-1007,Tubing Manifold,Sub-assembly,EA
SA-1008,Luer Assembly,Sub-assembly,ML
SA-1009,"Valve Assembly, SS 316L",Sub-assembly,EA
SA-1010,"Drip Chamber Assembly, Nylon",Sub-assembly,ML
SA-1011,Reservoir Assembly,Sub-assembly,EA
SA-1012,"Luer Assembly, Silicone",Sub-assembly,EA
SA-1013,Valve Assembly,Sub-assembly,EA
SA-1014,Filter Housing,Sub-assembly,SET
SA-1015,"Connector Block, Silicone",Sub-assembly,SET
SA-1016,Pump Subassembly,Sub-assembly,EA
SA-1017,Luer Assembly,Sub-assembly,EA
SA-1018,Pump Subassembly,Sub-assembly,FT
SA-1019,"Valve Assembly, Nylon",Sub-assembly,EA
SA-1020,Display Module,Sub-assembly,ML
SA-1021,Cuff Assembly,Sub-assembly,EA
SA-1022,Filter Housing,Sub-assembly,EA
SA-1023,"Needle Hub Assembly, Silicone",Sub-assembly,EA
SA-1024,"Filter Housing, ABS",Sub-assembly,EA
SA-1025,Clamp Assembly,Sub-assembly,EA
SA-1026,"Valve Assembly, Polycarbonate",Sub-assembly,SET
SA-1027,Needle Hub Assembly,Sub-assembly,EA
SA-1028,"Display Module, Polyurethane",Sub-assembly,EA
SA-1029,"Clamp Assembly, PVC, medical",Sub-assembly,EA
SA-1030,"Pump Subassembly, SS 316L",Sub-assembly,EA
SA-1031,Luer Assembly,Sub-assembly,EA
SA-1032,Pump Subassembly,Sub-assembly,SET
SA-1033,Display Module,Sub-assembly,EA
SA-1034,Tubing Manifold,Sub-assembly,FT
SA-1035,"Battery Pack, Nylon",Sub-assembly,EA
SA-1036,"Needle Hub Assembly, ABS",Sub-assembly,EA
SA-1037,"Reservoir Assembly, PVC, medical",Sub-assembly,SET
SA-1038,"Display Module, Nylon",Sub-assembly,ML
SA-1039,"Sensor Module, Polyurethane",Sub-assembly,FT
SA-1040,Luer Assembly,Sub-assembly,EA
SA-1041,"Sensor Module, Polycarbonate",Sub-assembly,ML
SA-1042,"Cuff Assembly, Polypropylene",Sub-assembly,EA
SA-1043,"Battery Pack, Nylon",Sub-assembly,EA
SA-1044,"Sensor Module, Nylon",Sub-assembly,ML
SA-1045,"Drip Chamber Assembly, Polyurethane",Sub-assembly,ML
SA-1046,"Cuff Assembly, TPU",Sub-assembly,EA
SA-1047,"Luer Assembly, PVC, medical",Sub-assembly,EA
SA-1048,Connector Block,Sub-assembly,EA
SA-1049,Needle Hub Assembly,Sub-assembly,EA
SA-1050,Display Module,Sub-assembly,FT
SA-1051,"Connector Block, TPU",Sub-assembly,EA
SA-1052,"Needle Hub Assembly, TPU",Sub-assembly,EA
SA-1053,"Tubing Manifold, PVC, medical",Sub-assembly,EA
SA-1054,Clamp Assembly,Sub-assembly,EA
SA-1055,"Luer Assembly, ABS",Sub-assembly,ML
SA-1056,Pump Subassembly,Sub-assembly,EA
SA-1057,"Sensor Module, Nylon",Sub-assembly,EA
SA-1058,Tubing Manifold,Sub-assembly,ML
SA-1059,"Drip Chamber Assembly, Polyurethane",Sub-assembly,EA
SA-1060,"Connector Block, Polyethylene",Sub-assembly,EA
SA-1061,"Clamp Assembly, Nylon",Sub-assembly,EA
SA-1062,"Display Module, Polyurethane",Sub-assembly,EA
SA-1063,"Cuff Assembly, SS 316L",Sub-assembly,EA
SA-1064,Clamp Assembly,Sub-assembly,EA
SA-1065,Valve Assembly,Sub-assembly,ML
SA-1066,"Clamp Assembly, PVC, medical",Sub-assembly,EA
SA-1067,Drip Chamber Assembly,Sub-assembly,EA
SA-1068,Sensor Module,Sub-assembly,SET
SA-1069,"Battery Pack, Polyurethane",Sub-assembly,EA
SA-1070,Luer Assembly,Sub-assembly,EA
SA-1071,"Filter Housing, Polypropylene",Sub-assembly,EA
SA-1072,Cuff Assembly,Sub-assembly,EA
SA-1073,Reservoir Assembly,Sub-assembly,EA
SA-1074,"Luer Assembly, ABS",Sub-assembly,EA
SA-1075,Filter Housing,Sub-assembly,EA
SA-1076,"Filter Housing, Silicone",Sub-assembly,SET
SA-1077,"Battery Pack, Polycarbonate",Sub-assembly,SET
SA-1078,"Battery Pack, ABS",Sub-assembly,ML
SA-1079,Reservoir Assembly,Sub-assembly,EA
SA-1080,Tubing Manifold,Sub-assembly,ML
SA-1081,"Needle Hub Assembly, Nylon",Sub-assembly,SET
SA-1082,Reservoir Assembly,Sub-assembly,EA
SA-1083,"Valve Assembly, Polycarbonate",Sub-assembly,FT
SA-1084,"Valve Assembly, Polypropylene",Sub-assembly,EA
SA-1085,"Tubing Manifold, Latex-free Rubber",Sub-assembly,SET
SA-1086,Pump Subassembly,Sub-assembly,EA
SA-1087,Luer Assembly,Sub-assembly,ML
SA-1088,Filter Housing,Sub-assembly,EA
SA-1089,Display Module,Sub-assembly,EA
SA-1090,Clamp Assembly,Sub-assembly,EA
SA-1091,Pump Subassembly,Sub-assembly,EA
SA-1092,"Filter Housing, Polypropylene",Sub-assembly,SET
SA-1093,"Valve Assembly, SS 316L",Sub-assembly,EA
SA-1094,Display Module,Sub-assembly,EA
SA-1095,Clamp Assembly,Sub-assembly,EA
SA-1096,"Needle Hub Assembly, Polycarbonate",Sub-assembly,EA
SA-1097,Clamp Assembly,Sub-assembly,FT
SA-1098,"Reservoir Assembly, Silicone",Sub-assembly,EA
SA-1099,Pump Subassembly,Sub-assembly,SET
SA-1100,Clamp Assembly,Sub-assembly,ML
SA-1101,"Needle Hub Assembly, Latex-free Rubber",Sub-assembly,EA
SA-1102,Clamp Assembly,Sub-assembly,EA
SA-1103,Cuff Assembly,Sub-assembly,SET
SA-1104,Drip Chamber Assembly,Sub-assembly,EA
SA-1105,"Reservoir Assembly, TPU",Sub-assembly,EA
SA-1106,"Filter Housing, Polypropylene",Sub-assembly,EA
SA-1107,Sensor Module,Sub-assembly,EA
SA-1108,"Luer Assembly, Polyurethane",Sub-assembly,SET
SA-1109,"Filter Housing, Polyethylene",Sub-assembly,SET
SA-1110,"Drip Chamber Assembly, Polyethylene",Sub-assembly,SET
SA-1111,"Needle Hub Assembly, PVC, medical",Sub-assembly,EA
SA-1112,Clamp Assembly,Sub-assembly,SET
SA-1113,Drip Chamber Assembly,Sub-assembly,EA
SA-1114,Tubing Manifold,Sub-assembly,EA
SA-1115,Reservoir Assembly,Sub-assembly,EA
SA-1116,"Reservoir Assembly, TPU",Sub-assembly,FT
SA-1117,Connector Block,Sub-assembly,ML
SA-1118,Drip Chamber Assembly,Sub-assembly,SET
SA-1119,Battery Pack,Sub-assembly,EA
SA-1120,Tubing Manifold,Sub-assembly,FT
SA-1121,"Cuff Assembly, Silicone",Sub-assembly,SET
SA-1122,Reservoir Assembly,Sub-assembly,EA
SA-1123,Connector Block,Sub-assembly,SET
SA-1124,"Valve Assembly, PVC, medical",Sub-assembly,ML
SA-1125,Luer Assembly,Sub-assembly,ML
SA-1126,"Battery Pack, PVC, medical",Sub-assembly,EA
SA-1127,"Display Module, TPU",Sub-assembly,EA
SA-1128,"Drip Chamber Assembly, PETG",Sub-assembly,EA
SA-1129,"Battery Pack, Nylon",Sub-assembly,EA
SA-1130,Clamp Assembly,Sub-assembly,FT
SA-1131,Clamp Assembly,Sub-assembly,ML
SA-1132,"Filter Housing, PVC, medical",Sub-assembly,EA
SA-1133,"Display Module, Polycarbonate",Sub-assembly,EA
SA-1134,"Battery Pack, ABS",Sub-assembly,EA
SA-1135,"Cuff Assembly, Polyurethane",Sub-assembly,EA
SA-1136,"Display Module, Latex-free Rubber",Sub-assembly,FT
SA-1137,Cuff Assembly,Sub-assembly,EA
SA-1138,"Drip Chamber Assembly, Latex-free Rubber",Sub-assembly,EA
SA-1139,Tubing Manifold,Sub-assembly,ML
SA-1140,"Needle Hub Assembly, TPU",Sub-assembly,SET
SA-1141,Sensor Module,Sub-assembly,EA
SA-1142,Sensor Module,Sub-assembly,EA
SA-1143,Drip Chamber Assembly,Sub-assembly,FT
SA-1144,"Connector Block, PETG",Sub-assembly,EA
SA-1145,"Tubing Manifold, Polyethylene",Sub-assembly,EA
SA-1146,Connector Block,Sub-assembly,ML
SA-1147,Filter Housing,Sub-assembly,SET
SA-1148,"Valve Assembly, ABS",Sub-assembly,EA
SA-1149,Valve Assembly,Sub-assembly,SET
SA-1150,"Pump Subassembly, Nylon",Sub-assembly,EA
SA-1151,"Needle Hub Assembly, Polyurethane",Sub-assembly,FT
SA-1152,Luer Assembly,Sub-assembly,EA
SA-1153,"Sensor Module, Polycarbonate",Sub-assembly,EA
SA-1154,Cuff Assembly,Sub-assembly,ML
SA-1155,"Display Module, Latex-free Rubber",Sub-assembly,EA
SA-1156,Sensor Module,Sub-assembly,SET
SA-1157,Drip Chamber Assembly,Sub-assembly,EA
SA-1158,Drip Chamber Assembly,Sub-assembly,EA
SA-1159,Reservoir Assembly,Sub-assembly,SET
CMP-1000,Plunger,Component,SET
CMP-1001,"Gasket, PVC, medical",Component,EA
CMP-1002,Injection Port,Component,EA
CMP-1003,Needle 21G,Component,EA
CMP-1004,"Luer Connector, PVC, medical",Component,EA
CMP-1005,"Tubing Clamp, SS 316L",Component,ML
CMP-1006,"Three-way Valve, Silicone",Component,ML
CMP-1007,Hydrophobic Membrane,Component,EA
CMP-1008,"Desiccant Pack, Latex-free Rubber",Component,EA
CMP-1009,"PVC Tubing, SS 316L",Component,ML
CMP-1010,0.2um Filter,Component,EA
CMP-1011,Needle 21G,Component,EA
CMP-1012,0.2um Filter,Component,EA
CMP-1013,"Cap, Protective",Component,FT
CMP-1014,Y-Site Port,Component,EA
CMP-1015,Snap Connector,Component,FT
CMP-1016,Tyvek Lid,Component,EA
CMP-1017,"Silicone Tubing, Polyethylene",Component,EA
CMP-1018,Needle 23G,Component,EA
CMP-1019,"Label, Lot, ABS",Component,FT
CMP-1020,"Drip Chamber, Polypropylene",Component,EA
CMP-1021,Male Adapter,Component,EA
CMP-1022,"Label, Lot, ABS",Component,EA
CMP-1023,Transparent Film,Component,FT
CMP-1024,"Roller Clamp, Polypropylene",Component,EA
CMP-1025,"Label, Caution",Component,EA
CMP-1026,"Barrel, PVC, medical",Component,EA
CMP-1027,Molded Housing,Component,SET
CMP-1028,"Silicone Septum, Nylon",Component,EA
CMP-1029,"Label, Caution",Component,FT
CMP-1030,Three-way Valve,Component,EA
CMP-1031,"Injection Port, PETG",Component,EA
CMP-1032,O-Ring,Component,EA
CMP-1033,Piston Seal,Component,EA
CMP-1034,Vented Cap,Component,EA
CMP-1035,Desiccant Pack,Component,FT
CMP-1036,Gauze Pad,Component,EA
CMP-1037,Gasket,Component,EA
CMP-1038,Stopcock,Component,SET
CMP-1039,"Silicone Septum, Polypropylene",Component,EA
CMP-1040,Three-way Valve,Component,EA
CMP-1041,"PVC Tubing, Polyethylene",Component,EA
CMP-1042,Needle 23G,Component,ML
CMP-1043,Tubing Clamp,Component,SET
CMP-1044,"Stopcock, Polyurethane",Component,SET
CMP-1045,"Male Adapter, Polypropylene",Component,SET
CMP-1046,"Label, Caution",Component,SET
CMP-1047,Drip Chamber,Component,EA
CMP-1048,PVC Tubing,Component,EA
CMP-1049,Gauze Pad,Component,EA
CMP-1050,Snap Connector,Component,EA
CMP-1051,0.2um Filter,Component,SET
CMP-1052,"Molded Housing, PETG",Component,EA
CMP-1053,"Transparent Film, PETG",Component,FT
CMP-1054,Electrode Gel Pad,Component,EA
CMP-1055,Needle 21G,Component,FT
CMP-1056,"Female Adapter, Polycarbonate",Component,EA
CMP-1057,Foam Tape,Component,ML
CMP-1058,"Non-vented Cap, Latex-free Rubber",Component,EA
CMP-1059,"Sterile Barrier Pouch, Nylon",Component,EA
CMP-1060,Y-Site Port,Component,SET
CMP-1061,Tubing Clamp,Component,EA
CMP-1062,ABD Pad,Component,FT
CMP-1063,"Drip Chamber, SS 316L",Component,EA
CMP-1064,"Label, Caution, PETG",Component,EA
CMP-1065,Gauze Pad,Component,EA
CMP-1066,"Drip Chamber, Latex-free Rubber",Component,SET
CMP-1067,Roller Clamp,Component,EA
CMP-1068,Molded Housing,Component,EA
CMP-1069,"Female Adapter, Polycarbonate",Component,ML
CMP-1070,"Adhesive Border, Polyurethane",Component,EA
CMP-1071,"Label, Caution, SS 316L",Component,SET
CMP-1072,"Molded Housing, Latex-free Rubber",Component,EA
CMP-1073,"Snap Connector, Nylon",Component,EA
CMP-1074,Plunger,Component,ML
CMP-1075,"Label, Lot",Component,SET
CMP-1076,Cannula,Component,EA
CMP-1077,"Cap, Protective",Component,SET
CMP-1078,Plunger,Component,EA
CMP-1079,Piston Seal,Component,EA
CMP-1080,O-Ring,Component,FT
CMP-1081,Non-vented Cap,Component,EA
CMP-1082,"Needle 23G, Latex-free Rubber",Component,SET
CMP-1083,Spring SS,Component,SET
CMP-1084,Three-way Valve,Component,EA
CMP-1085,"Roller Clamp, Silicone",Component,EA
CMP-1086,"0.2um Filter, PVC, medical",Component,EA
CMP-1087,"Needle 21G, Latex-free Rubber",Component,ML
CMP-1088,"Drip Chamber, Polypropylene",Component,SET
CMP-1089,Adhesive Border,Component,EA
CMP-1090,"Spring SS, PVC, medical",Component,ML
CMP-1091,Hydrophobic Membrane,Component,EA
CMP-1092,"Sterile Barrier Pouch, SS 316L",Component,EA
CMP-1093,Male Adapter,Component,EA
CMP-1094,"Gauze Pad, TPU",Component,EA
CMP-1095,Thermistor,Component,EA
CMP-1096,"Transparent Film, Polyethylene",Component,SET
CMP-1097,"Cap, Protective",Component,FT
CMP-1098,"Foam Tape, TPU",Component,FT
CMP-1099,"Silicone Septum, SS 316L",Component,FT
CMP-1100,Spring SS,Component,EA
CMP-1101,Plunger,Component,EA
CMP-1102,"Sterile Barrier Pouch, Latex-free Rubber",Component,EA
CMP-1103,Plunger,Component,FT
CMP-1104,Spike,Component,EA
CMP-1105,"Cap, Protective, SS 316L",Component,ML
CMP-1106,"Three-way Valve, PETG",Component,EA
CMP-1107,Needle 21G,Component,EA
CMP-1108,"Adhesive Border, Polycarbonate",Component,EA
CMP-1109,"Tubing Clamp, Polyurethane",Component,EA
CMP-1110,Three-way Valve,Component,SET
CMP-1111,Stopcock,Component,EA
CMP-1112,Piston Seal,Component,ML
CMP-1113,Molded Housing,Component,FT
CMP-1114,Electrode Gel Pad,Component,EA
CMP-1115,"Needle 21G, TPU",Component,FT
CMP-1116,Tyvek Lid,Component,EA
CMP-1117,"Check Valve, Polypropylene",Component,EA
CMP-1118,"O-Ring, PETG",Component,FT
CMP-1119,"Silicone Septum, Polycarbonate",Component,SET
CMP-1120,"Silicone Septum, Latex-free Rubber",Component,EA
CMP-1121,Cannula,Component,ML
CMP-1122,"Needle 21G, Polypropylene",Component,ML
CMP-1123,Snap Connector,Component,SET
CMP-1124,Strain Gauge,Component,EA
CMP-1125,"ABD Pad, SS 316L",Component,FT
CMP-1126,"Needle 23G, PETG",Component,EA
CMP-1127,"Label, Lot, Polyethylene",Component,EA
CMP-1128,Gasket,Component,EA
CMP-1129,Plunger,Component,SET
CMP-1130,Roller Clamp,Component,SET
CMP-1131,"Label, Caution, Silicone",Component,FT
CMP-1132,"Silicone Septum, SS 316L",Component,EA
CMP-1133,Strain Gauge,Component,EA
CMP-1134,Cannula,Component,EA
CMP-1135,Needle 21G,Component,EA
CMP-1136,"Check Valve, ABS",Component,EA
CMP-1137,"Cap, Protective",Component,FT
CMP-1138,"Desiccant Pack, SS 316L",Component,EA
CMP-1139,"Adhesive Border, Nylon",Component,EA
CMP-1140,Piston Seal,Component,EA
CMP-1141,Transparent Film,Component,EA
CMP-1142,"Needle 23G, ABS",Component,EA
CMP-1143,Spike,Component,EA
CMP-1144,"Label, Caution, PETG",Component,ML
CMP-1145,Gauze Pad,Component,EA
CMP-1146,"Barrel, Polypropylene",Component,EA
CMP-1147,ABD Pad,Component,EA
CMP-1148,Female Adapter,Component,EA
CMP-1149,"Label, Caution, Silicone",Component,FT
CMP-1150,"Label, Caution, Nylon",Component,EA
CMP-1151,"Needle 21G, ABS",Component,EA
CMP-1152,Needle 21G,Component,EA
CMP-1153,"Label, Caution, Polyurethane",Component,SET
CMP-1154,Stopcock,Component,EA
CMP-1155,"Needle 21G, TPU",Component,SET
CMP-1156,Gasket,Component,ML
CMP-1157,"Check Valve, PETG",Component,EA
CMP-1158,Barrel,Component,FT
CMP-1159,"Spike, ABS",Component,EA
CMP-1160,"Tyvek Lid, SS 316L",Component,EA
CMP-1161,Piston Seal,Component,EA
CMP-1162,"Cap, Protective, Polypropylene",Component,EA
CMP-1163,Molded Housing,Component,SET
CMP-1164,"Label, Caution, Silicone",Component,ML
CMP-1165,Strain Gauge,Component,EA
CMP-1166,Gauze Pad,Component,FT
CMP-1167,Injection Port,Component,EA
CMP-1168,Silicone Tubing,Component,EA
CMP-1169,Barrel,Component,ML
CMP-1170,"Check Valve, Polycarbonate",Component,EA
CMP-1171,"Transparent Film, PETG",Component,ML
CMP-1172,"0.2um Filter, PETG",Component,EA
CMP-1173,PCB Sensor,Component,EA
CMP-1174,Barrel,Component,ML
CMP-1175,Cannula,Component,ML
CMP-1176,"Three-way Valve, Nylon",Component,FT
CMP-1177,Vented Cap,Component,EA
CMP-1178,"Vented Cap, Latex-free Rubber",Component,EA
CMP-1179,Gasket,Component,EA
CMP-1180,Adhesive Border,Component,ML
CMP-1181,"ABD Pad, Polypropylene",Component,EA
CMP-1182,Non-vented Cap,Component,SET
CMP-1183,PCB Sensor,Component,FT
CMP-1184,"O-Ring, Nylon",Component,EA
CMP-1185,"Piston Seal, Polycarbonate",Component,SET
CMP-1186,"Check Valve, SS 316L",Component,FT
CMP-1187,"Transparent Film, PVC, medical",Component,FT
CMP-1188,Drip Chamber,Component,SET
CMP-1189,Gauze Pad,Component,ML
CMP-1190,Needle 23G,Component,EA
CMP-1191,"Y-Site Port, Polyethylene",Component,EA
CMP-1192,O-Ring,Component,EA
CMP-1193,"Male Adapter, PVC, medical",Component,SET
CMP-1194,"Silicone Septum, SS 316L",Component,EA
CMP-1195,"Gasket, Polyurethane",Component,SET
CMP-1196,Gasket,Component,EA
CMP-1197,Gasket,Component,EA
CMP-1198,"Label, Lot",Component,SET
CMP-1199,"Spike, Silicone",Component,EA
CMP-1200,"ABD Pad, PVC, medical",Component,SET
CMP-1201,"Transparent Film, ABS",Component,SET
CMP-1202,"Sterile Barrier Pouch, Polypropylene",Component,FT
CMP-1203,"Cap, Protective, Latex-free Rubber",Component,EA
CMP-1204,"PVC Tubing, Latex-free Rubber",Component,SET
CMP-1205,Molded Housing,Component,SET
CMP-1206,Needle 23G,Component,SET
CMP-1207,Three-way Valve,Component,EA
CMP-1208,Gasket,Component,EA
CMP-1209,Strain Gauge,Component,EA
CMP-1210,"Snap Connector, Polyurethane",Component,EA
CMP-1211,"Cap, Protective, Silicone",Component,EA
CMP-1212,"Foam Tape, PVC, medical",Component,EA
CMP-1213,Gauze Pad,Component,EA
CMP-1214,Snap Connector,Component,EA
CMP-1215,"Drip Chamber, Polyurethane",Component,FT
CMP-1216,Silicone Septum,Component,EA
CMP-1217,"Check Valve, Polypropylene",Component,ML
CMP-1218,"Stopcock, Polycarbonate",Component,EA
CMP-1219,Tyvek Lid,Component,ML
CMP-1220,Silicone Tubing,Component,EA
CMP-1221,"Stopcock, Latex-free Rubber",Component,SET
CMP-1222,"Electrode Gel Pad, Polycarbonate",Component,EA
CMP-1223,"Hydrophobic Membrane, Polycarbonate",Component,EA
CMP-1224,Stopcock,Component,EA
CMP-1225,Female Adapter,Component,EA
CMP-1226,"Spring SS, Latex-free Rubber",Component,EA
CMP-1227,"Needle 21G, Nylon",Component,SET
CMP-1228,"Hydrophobic Membrane, Latex-free Rubber",Component,EA
CMP-1229,Needle 21G,Component,EA
CMP-1230,"Injection Port, Polycarbonate",Component,EA
CMP-1231,Plunger,Component,EA
CMP-1232,Injection Port,Component,EA
CMP-1233,"O-Ring, SS 316L",Component,EA
CMP-1234,Female Adapter,Component,EA
CMP-1235,"ABD Pad, Polyurethane",Component,EA
CMP-1236,Male Adapter,Component,EA
CMP-1237,"Silicone Tubing, SS 316L",Component,EA
CMP-1238,Electrode Gel Pad,Component,FT
CMP-1239,"Label, Lot, Nylon",Component,ML
CMP-1240,"Male Adapter, PVC, medical",Component,EA
CMP-1241,Non-vented Cap,Component,FT
CMP-1242,"Silicone Tubing, SS 316L",Component,EA
CMP-1243,Vented Cap,Component,EA
CMP-1244,"PVC Tubing, Polyurethane",Component,FT
CMP-1245,"Label, Lot, Nylon",Component,SET
CMP-1246,Plunger,Component,EA
CMP-1247,Y-Site Port,Component,EA
CMP-1248,"Foam Tape, Polypropylene",Component,ML
CMP-1249,PVC Tubing,Component,FT
CMP-1250,Gauze Pad,Component,EA
CMP-1251,Desiccant Pack,Component,EA
CMP-1252,PVC Tubing,Component,SET
CMP-1253,"Drip Chamber, Latex-free Rubber",Component,EA
CMP-1254,"Silicone Tubing, Polycarbonate",Component,ML
CMP-1255,Female Adapter,Component,ML
CMP-1256,Check Valve,Component,EA
CMP-1257,Foam Tape,Component,FT
CMP-1258,"Barrel, Latex-free Rubber",Component,EA
CMP-1259,"Non-vented Cap, TPU",Component,SET
CMP-1260,"Strain Gauge, TPU",Component,FT
CMP-1261,Needle 21G,Component,EA
CMP-1262,"Spike, Polycarbonate",Component,EA
CMP-1263,"Tyvek Lid, Polyethylene",Component,EA
CMP-1264,"Silicone Septum, PVC, medical",Component,SET
CMP-1265,Needle 21G,Component,EA
CMP-1266,Injection Port,Component,SET
CMP-1267,ABD Pad,Component,EA
CMP-1268,Strain Gauge,Component,SET
CMP-1269,Strain Gauge,Component,ML
CMP-1270,Desiccant Pack,Component,EA
CMP-1271,"Foam Tape, PVC, medical",Component,EA
CMP-1272,Roller Clamp,Component,ML
CMP-1273,0.2um Filter,Component,EA
CMP-1274,"Needle 21G, Latex-free Rubber",Component,FT
CMP-1275,Gauze Pad,Component,FT
CMP-1276,"Sterile Barrier Pouch, Polycarbonate",Component,SET
CMP-1277,"Snap Connector, Polyethylene",Component,SET
CMP-1278,"Adhesive Border, PETG",Component,ML
CMP-1279,"Three-way Valve, SS 316L",Component,SET
CMP-1280,Hydrophobic Membrane,Component,FT
CMP-1281,"Cap, Protective",Component,EA
CMP-1282,"Thermistor, Latex-free Rubber",Component,EA
CMP-1283,Injection Port,Component,EA
CMP-1284,Molded Housing,Component,EA
CMP-1285,"Cannula, Nylon",Component,FT
CMP-1286,Desiccant Pack,Component,ML
CMP-1287,"Tubing Clamp, ABS",Component,SET
CMP-1288,"Foam Tape, PETG",Component,EA
CMP-1289,"Gauze Pad, Polyurethane",Component,EA
CMP-1290,"Luer Connector, TPU",Component,FT
CMP-1291,"Adhesive Border, Latex-free Rubber",Component,EA
CMP-1292,"Check Valve, PVC, medical",Component,SET
CMP-1293,"Stopcock, Polyurethane",Component,EA
CMP-1294,Piston Seal,Component,EA
CMP-1295,"PVC Tubing, Polyurethane",Component,EA
CMP-1296,Piston Seal,Component,EA
CMP-1297,"Needle 21G, TPU",Component,EA
CMP-1298,Molded Housing,Component,EA
CMP-1299,"O-Ring, TPU",Component,FT
CMP-1300,Injection Port,Component,EA
CMP-1301,Tubing Clamp,Component,ML
CMP-1302,"Non-vented Cap, Polyethylene",Component,EA
CMP-1303,"Stopcock, PETG",Component,EA
CMP-1304,"Label, Lot",Component,FT
CMP-1305,"Label, Lot",Component,EA
CMP-1306,"Gasket, TPU",Component,FT
CMP-1307,"Gauze Pad, TPU",Component,ML
CMP-1308,"Male Adapter, TPU",Component,EA
CMP-1309,Injection Port,Component,EA
CMP-1310,"ABD Pad, PETG",Component,FT
CMP-1311,Transparent Film,Component,EA
CMP-1312,Needle 21G,Component,EA
CMP-1313,Piston Seal,Component,SET
CMP-1314,"Y-Site Port, Polycarbonate",Component,EA
CMP-1315,Cannula,Component,EA
CMP-1316,Gauze Pad,Component,EA
CMP-1317,ABD Pad,Component,ML
CMP-1318,"Gauze Pad, TPU",Component,FT
CMP-1319,"Foam Tape, ABS",Component,ML
CMP-1320,"Cannula, Silicone",Component,EA
CMP-1321,"Non-vented Cap, PVC, medical",Component,EA
CMP-1322,Y-Site Port,Component,EA
CMP-1323,Spring SS,Component,EA
CMP-1324,Female Adapter,Component,EA
CMP-1325,"Needle 23G, Nylon",Component,EA
CMP-1326,"Gasket, Latex-free Rubber",Component,EA
CMP-1327,Drip Chamber,Component,EA
CMP-1328,"O-Ring, PVC, medical",Component,EA
CMP-1329,Stopcock,Component,FT
CMP-1330,PCB Sensor,Component,EA
CMP-1331,Hydrophobic Membrane,Component,EA
CMP-1332,"Male Adapter, TPU",Component,EA
CMP-1333,"Y-Site Port, SS 316L",Component,EA
CMP-1334,"Y-Site Port, Nylon",Component,ML
CMP-1335,"Adhesive Border, Polycarbonate",Component,SET
CMP-1336,Thermistor,Component,SET
CMP-1337,Spike,Component,FT
CMP-1338,"Three-way Valve, Nylon",Component,FT
CMP-1339,PVC Tubing,Component,ML
CMP-1340,Strain Gauge,Component,EA
CMP-1341,"Spike, PETG",Component,ML
CMP-1342,"Check Valve, Silicone",Component,ML
CMP-1343,PCB Sensor,Component,SET
CMP-1344,Snap Connector,Component,SET
CMP-1345,"Strain Gauge, Polypropylene",Component,FT
CMP-1346,Foam Tape,Component,EA
CMP-1347,Y-Site Port,Component,EA
CMP-1348,Y-Site Port,Component,FT
CMP-1349,Sterile Barrier Pouch,Component,EA
CMP-1350,"Needle 23G, Polyethylene",Component,EA
CMP-1351,"Barrel, Polyethylene",Component,EA
CMP-1352,Luer Connector,Component,EA
CMP-1353,"Electrode Gel Pad, Polycarbonate",Component,ML
CMP-1354,"Spring SS, PETG",Component,ML
CMP-1355,Y-Site Port,Component,FT
CMP-1356,"Barrel, PETG",Component,FT
CMP-1357,"Hydrophobic Membrane, SS 316L",Component,ML
CMP-1358,Spring SS,Component,FT
CMP-1359,Needle 21G,Component,EA
CMP-1360,ABD Pad,Component,EA
CMP-1361,"O-Ring, Nylon",Component,ML
CMP-1362,Cannula,Component,EA
CMP-1363,"Silicone Tubing, Polycarbonate",Component,EA
CMP-1364,"O-Ring, ABS",Component,FT
CMP-1365,"Drip Chamber, PETG",Component,EA
CMP-1366,Needle 23G,Component,ML
CMP-1367,"Roller Clamp, Polycarbonate",Component,FT
CMP-1368,"Label, Lot",Component,FT
CMP-1369,"Thermistor, Latex-free Rubber",Component,EA
CMP-1370,"Adhesive Border, Polyurethane",Component,EA
CMP-1371,Barrel,Component,SET
CMP-1372,"Cannula, Latex-free Rubber",Component,EA
CMP-1373,Sterile Barrier Pouch,Component,FT
CMP-1374,"Adhesive Border, TPU",Component,EA
CMP-1375,"Gasket, SS 316L",Component,EA
CMP-1376,"Thermistor, Silicone",Component,SET
CMP-1377,"Spike, Nylon",Component,SET
CMP-1378,"Piston Seal, Polycarbonate",Component,EA
CMP-1379,Plunger,Component,EA
CMP-1380,ABD Pad,Component,EA
CMP-1381,O-Ring,Component,EA
CMP-1382,"Snap Connector, Polypropylene",Component,FT
CMP-1383,Foam Tape,Component,EA
CMP-1384,ABD Pad,Component,EA
CMP-1385,"Label, Caution",Component,SET
CMP-1386,"Male Adapter, PVC, medical",Component,EA
CMP-1387,Needle 21G,Component,FT
CMP-1388,Molded Housing,Component,EA
CMP-1389,"Label, Caution",Component,EA
CMP-1390,"Check Valve, PETG",Component,EA
CMP-1391,"Female Adapter, Latex-free Rubber",Component,EA
CMP-1392,Needle 21G,Component,EA
CMP-1393,"Label, Caution, Polyurethane",Component,EA
CMP-1394,"Electrode Gel Pad, ABS",Component,EA
CMP-1395,"Barrel, Polyethylene",Component,EA
CMP-1396,Barrel,Component,EA
CMP-1397,"Adhesive Border, Polyurethane",Component,FT
CMP-1398,"Label, Lot",Component,ML
CMP-1399,"Y-Site Port, Polyurethane",Component,ML
CMP-1400,Foam Tape,Component,EA
CMP-1401,Vented Cap,Component,EA
CMP-1402,Molded Housing,Component,EA
CMP-1403,"PVC Tubing, Silicone",Component,EA
CMP-1404,Foam Tape,Component,EA
CMP-1405,"Vented Cap, Polyethylene",Component,ML
CMP-1406,Tubing Clamp,Component,EA
CMP-1407,Tubing Clamp,Component,SET
CMP-1408,"Drip Chamber, PETG",Component,EA
CMP-1409,"Desiccant Pack, Polyethylene",Component,EA
CMP-1410,Needle 23G,Component,SET
CMP-1411,Sterile Barrier Pouch,Component,EA
CMP-1412,"Silicone Septum, ABS",Component,EA
CMP-1413,"Piston Seal, Polypropylene",Component,EA
CMP-1414,Snap Connector,Component,SET
CMP-1415,"Electrode Gel Pad, PETG",Component,EA
CMP-1416,0.2um Filter,Component,EA
CMP-1417,"Adhesive Border, SS 316L",Component,EA
CMP-1418,O-Ring,Component,FT
CMP-1419,"Male Adapter, Polypropylene",Component,EA
CMP-1420,"PVC Tubing, Latex-free Rubber",Component,EA
CMP-1421,Check Valve,Component,SET
CMP-1422,Male Adapter,Component,EA
CMP-1423,Transparent Film,Component,EA
CMP-1424,"PVC Tubing, PETG",Component,ML
CMP-1425,"Silicone Tubing, ABS",Component,SET
CMP-1426,Foam Tape,Component,FT
CMP-1427,"Vented Cap, SS 316L",Component,FT
CMP-1428,"Label, Caution",Component,EA
CMP-1429,"Needle 21G, PETG",Component,EA
CMP-1430,"Snap Connector, Polyurethane",Component,SET
CMP-1431,"Spring SS, PVC, medical",Component,EA
CMP-1432,Three-way Valve,Component,ML
CMP-1433,"Silicone Tubing, Polypropylene",Component,EA
CMP-1434,"Gauze Pad, Latex-free Rubber",Component,ML
CMP-1435,Adhesive Border,Component,EA
CMP-1436,"Non-vented Cap, Polyethylene",Component,EA
CMP-1437,"Hydrophobic Membrane, PETG",Component,ML
CMP-1438,"Label, Caution, TPU",Component,ML
CMP-1439,Hydrophobic Membrane,Component,EA
CMP-1440,Foam Tape,Component,EA
CMP-1441,Hydrophobic Membrane,Component,FT
CMP-1442,"Sterile Barrier Pouch, Silicone",Component,EA
CMP-1443,Silicone Tubing,Component,SET
CMP-1444,"Drip Chamber, Silicone",Component,EA
CMP-1445,"Electrode Gel Pad, Polypropylene",Component,EA
CMP-1446,"Sterile Barrier Pouch, Nylon",Component,EA
CMP-1447,"Label, Caution",Component,EA
CMP-1448,"Vented Cap, Latex-free Rubber",Component,EA
CMP-1449,O-Ring,Component,ML
CMP-1450,Gasket,Component,EA
CMP-1451,"Cannula, Nylon",Component,EA
CMP-1452,Female Adapter,Component,ML
CMP-1453,"Gauze Pad, SS 316L",Component,FT
CMP-1454,Check Valve,Component,ML
CMP-1455,"Strain Gauge, Polyethylene",Component,EA
CMP-1456,"PCB Sensor, Silicone",Component,EA
CMP-1457,"Piston Seal, Polyurethane",Component,EA
CMP-1458,"Electrode Gel Pad, ABS",Component,EA
CMP-1459,Gasket,Component,FT
CMP-1460,"Spring SS, PVC, medical",Component,EA
CMP-1461,"Desiccant Pack, Latex-free Rubber",Component,ML
CMP-1462,"Plunger, ABS",Component,EA
CMP-1463,"Label, Lot, TPU",Component,FT
CMP-1464,Hydrophobic Membrane,Component,FT
CMP-1465,"Piston Seal, PETG",Component,EA
CMP-1466,"Non-vented Cap, SS 316L",Component,ML
CMP-1467,"Adhesive Border, Polypropylene",Component,SET
CMP-1468,"Non-vented Cap, Polycarbonate",Component,EA
CMP-1469,Gasket,Component,FT
CMP-1470,Thermistor,Component,EA
CMP-1471,Foam Tape,Component,EA
CMP-1472,Thermistor,Component,EA
CMP-1473,"Electrode Gel Pad, Polyurethane",Component,EA
CMP-1474,O-Ring,Component,ML
CMP-1475,"Cap, Protective, Silicone",Component,SET
CMP-1476,PCB Sensor,Component,EA
CMP-1477,Non-vented Cap,Component,SET
CMP-1478,Gasket,Component,FT
CMP-1479,"Spike, TPU",Component,SET
CMP-1480,"Three-way Valve, Silicone",Component,SET
CMP-1481,Gauze Pad,Component,EA
CMP-1482,O-Ring,Component,FT
CMP-1483,"Spring SS, SS 316L",Component,EA
CMP-1484,"Luer Connector, Nylon",Component,ML
CMP-1485,"Piston Seal, PETG",Component,EA
CMP-1486,Injection Port,Component,FT
CMP-1487,Barrel,Component,EA
CMP-1488,"Plunger, SS 316L",Component,EA
CMP-1489,Non-vented Cap,Component,FT
CMP-1490,"Label, Caution, Nylon",Component,EA
CMP-1491,Plunger,Component,EA
CMP-1492,Transparent Film,Component,EA
CMP-1493,"Tyvek Lid, ABS",Component,EA
CMP-1494,"PCB Sensor, Polycarbonate",Component,EA
CMP-1495,Needle 23G,Component,ML
CMP-1496,"Silicone Tubing, Silicone",Component,EA
CMP-1497,"Adhesive Border, ABS",Component,EA
CMP-1498,"Piston Seal, ABS",Component,SET
CMP-1499,Needle 21G,Component,EA
CMP-1500,Molded Housing,Component,EA
CMP-1501,Tubing Clamp,Component,EA
CMP-1502,"Non-vented Cap, PETG",Component,SET
CMP-1503,Silicone Tubing,Component,EA
CMP-1504,Vented Cap,Component,EA
CMP-1505,"Foam Tape, ABS",Component,EA
CMP-1506,ABD Pad,Component,ML
CMP-1507,"Electrode Gel Pad, Nylon",Component,ML
CMP-1508,"Y-Site Port, ABS",Component,ML
CMP-1509,PCB Sensor,Component,EA
CMP-1510,PCB Sensor,Component,FT
CMP-1511,Roller Clamp,Component,EA
CMP-1512,"Adhesive Border, Polypropylene",Component,EA
CMP-1513,Silicone Septum,Component,EA
CMP-1514,"ABD Pad, Latex-free Rubber",Component,SET
CMP-1515,"Female Adapter, SS 316L",Component,SET
CMP-1516,Spring SS,Component,ML
CMP-1517,"Sterile Barrier Pouch, Polypropylene",Component,EA
CMP-1518,PVC Tubing,Component,FT
CMP-1519,"Label, Caution, Latex-free Rubber",Component,EA
CMP-1520,"Thermistor, ABS",Component,SET
CMP-1521,Roller Clamp,Component,FT
CMP-1522,Desiccant Pack,Component,EA
CMP-1523,PVC Tubing,Component,ML
CMP-1524,"Thermistor, SS 316L",Component,FT
CMP-1525,"Cannula, Polyethylene",Component,FT
CMP-1526,Snap Connector,Component,EA
CMP-1527,Gauze Pad,Component,SET
CMP-1528,"Male Adapter, Latex-free Rubber",Component,EA
CMP-1529,"Gasket, PVC, medical",Component,FT
CMP-1530,PCB Sensor,Component,EA
CMP-1531,"Spike, ABS",Component,EA
CMP-1532,"Non-vented Cap, PETG",Component,FT
CMP-1533,Roller Clamp,Component,EA
CMP-1534,"Cannula, Polycarbonate",Component,EA
CMP-1535,"Tyvek Lid, Polyurethane",Component,EA
CMP-1536,Desiccant Pack,Component,EA
CMP-1537,"Injection Port, PETG",Component,EA
CMP-1538,Non-vented Cap,Component,EA
CMP-1539,"Transparent Film, PETG",Component,EA
CMP-1540,Needle 21G,Component,EA
CMP-1541,"Luer Connector, TPU",Component,ML
CMP-1542,Silicone Septum,Component,EA
CMP-1543,PVC Tubing,Component,ML
CMP-1544,"Label, Caution, SS 316L",Component,EA
CMP-1545,"Stopcock, SS 316L",Component,FT
CMP-1546,"Snap Connector, SS 316L",Component,EA
CMP-1547,"Gauze Pad, TPU",Component,SET
CMP-1548,"Luer Connector, PVC, medical",Component,EA
CMP-1549,Transparent Film,Component,EA
CMP-1550,Adhesive Border,Component,EA
CMP-1551,Desiccant Pack,Component,EA
CMP-1552,"Desiccant Pack, Nylon",Component,FT
CMP-1553,Barrel,Component,FT
CMP-1554,"Electrode Gel Pad, PVC, medical",Component,FT
CMP-1555,Gauze Pad,Component,EA
CMP-1556,"Cannula, Silicone",Component,ML
CMP-1557,"Barrel, Polypropylene",Component,ML
CMP-1558,Tubing Clamp,Component,EA
CMP-1559,"Cap, Protective",Component,EA
CMP-1560,"Male Adapter, Nylon",Component,ML
CMP-1561,"Desiccant Pack, SS 316L",Component,FT
CMP-1562,"Thermistor, Latex-free Rubber",Component,ML
CMP-1563,"Plunger, PVC, medical",Component,FT
CMP-1564,Needle 23G,Component,ML
CMP-1565,"Check Valve, Polycarbonate",Component,ML
CMP-1566,"Gasket, ABS",Component,EA
CMP-1567,Piston Seal,Component,SET
CMP-1568,Adhesive Border,Component,EA
CMP-1569,Tyvek Lid,Component,EA
CMP-1570,"Foam Tape, Polycarbonate",Component,EA
CMP-1571,Drip Chamber,Component,FT
CMP-1572,"Female Adapter, Nylon",Component,EA
CMP-1573,"Strain Gauge, Nylon",Component,FT
CMP-1574,"PVC Tubing, ABS",Component,ML
CMP-1575,"Drip Chamber, Nylon",Component,SET
CMP-1576,Silicone Tubing,Component,EA
CMP-1577,Cannula,Component,ML
CMP-1578,"Tubing Clamp, Polycarbonate",Component,EA
CMP-1579,"Piston Seal, Nylon",Component,EA
CMP-1580,Snap Connector,Component,SET
CMP-1581,PVC Tubing,Component,EA
CMP-1582,Spring SS,Component,FT
CMP-1583,Barrel,Component,EA
CMP-1584,Piston Seal,Component,EA
CMP-1585,"Hydrophobic Membrane, Polycarbonate",Component,SET
CMP-1586,"Adhesive Border, Silicone",Component,EA
CMP-1587,"Label, Lot, Polycarbonate",Component,EA
CMP-1588,"Foam Tape, TPU",Component,EA
CMP-1589,"Roller Clamp, TPU",Component,EA
CMP-1590,"Hydrophobic Membrane, Polyethylene",Component,ML
CMP-1591,"Non-vented Cap, PETG",Component,FT
CMP-1592,"Non-vented Cap, Polyurethane",Component,EA
CMP-1593,Molded Housing,Component,EA
CMP-1594,Desiccant Pack,Component,ML
CMP-1595,"Gauze Pad, Polycarbonate",Component,EA
CMP-1596,"Gasket, ABS",Component,ML
CMP-1597,Gasket,Component,EA
CMP-1598,"Vented Cap, PVC, medical",Component,EA
CMP-1599,Barrel,Component,EA
CMP-1600,Silicone Septum,Component,EA
CMP-1601,"Drip Chamber, Polypropylene",Component,SET
CMP-1602,"Tubing Clamp, PVC, medical",Component,EA
CMP-1603,Thermistor,Component,EA
CMP-1604,"Cannula, Polycarbonate",Component,EA
CMP-1605,Tyvek Lid,Component,SET
CMP-1606,"ABD Pad, PETG",Component,FT
CMP-1607,Snap Connector,Component,EA
CMP-1608,"Roller Clamp, Nylon",Component,EA
CMP-1609,"Label, Caution, PVC, medical",Component,EA
CMP-1610,"Label, Lot, Silicone",Component,FT
CMP-1611,"Y-Site Port, Polyethylene",Component,EA
CMP-1612,Hydrophobic Membrane,Component,ML
CMP-1613,"Male Adapter, Silicone",Component,FT
CMP-1614,"Piston Seal, SS 316L",Component,SET
CMP-1615,Barrel,Component,SET
CMP-1616,"Label, Caution, Polypropylene",Component,SET
CMP-1617,"Snap Connector, Polyethylene",Component,EA
CMP-1618,"Label, Lot, Polyethylene",Component,EA
CMP-1619,"Cap, Protective, Polypropylene",Component,FT
CMP-1620,"0.2um Filter, Polyurethane",Component,FT
CMP-1621,Tubing Clamp,Component,FT
CMP-1622,"Vented Cap, ABS",Component,ML
CMP-1623,"Label, Caution, PETG",Component,ML
CMP-1624,PCB Sensor,Component,EA
CMP-1625,"Molded Housing, Silicone",Component,EA
CMP-1626,Foam Tape,Component,ML
CMP-1627,"Check Valve, Nylon",Component,EA
CMP-1628,Needle 23G,Component,EA
CMP-1629,PCB Sensor,Component,EA
CMP-1630,Stopcock,Component,ML
CMP-1631,Spike,Component,ML
CMP-1632,Gauze Pad,Component,SET
CMP-1633,"Cap, Protective",Component,SET
CMP-1634,"Non-vented Cap, Latex-free Rubber",Component,SET
CMP-1635,"Snap Connector, TPU",Component,FT
CMP-1636,"Spike, SS 316L",Component,EA
CMP-1637,"Y-Site Port, Nylon",Component,EA
CMP-1638,O-Ring,Component,EA
CMP-1639,Check Valve,Component,EA
CMP-1640,"Electrode Gel Pad, Polyethylene",Component,EA
CMP-1641,"Thermistor, TPU",Component,EA
CMP-1642,"Needle 21G, Nylon",Component,ML
CMP-1643,"Female Adapter, Latex-free Rubber",Component,EA
CMP-1644,"Snap Connector, ABS",Component,EA
CMP-1645,Adhesive Border,Component,EA
CMP-1646,"PVC Tubing, Polypropylene",Component,SET
CMP-1647,O-Ring,Component,EA
CMP-1648,"Injection Port, SS 316L",Component,EA
CMP-1649,Spike,Component,ML
CMP-1650,Luer Connector,Component,EA
CMP-1651,Sterile Barrier Pouch,Component,SET
CMP-1652,"Barrel, SS 316L",Component,EA
CMP-1653,Roller Clamp,Component,EA
CMP-1654,Silicone Septum,Component,FT
CMP-1655,Barrel,Component,SET
CMP-1656,Adhesive Border,Component,ML
CMP-1657,Tubing Clamp,Component,ML
CMP-1658,Transparent Film,Component,FT
CMP-1659,"Spring SS, Polycarbonate",Component,SET
CMP-1660,Gasket,Component,EA
CMP-1661,Foam Tape,Component,EA
CMP-1662,"Silicone Tubing, Silicone",Component,ML
CMP-1663,PCB Sensor,Component,FT
CMP-1664,"Injection Port, Nylon",Component,EA
CMP-1665,Tyvek Lid,Component,EA
CMP-1666,"Adhesive Border, Latex-free Rubber",Component,EA
CMP-1667,"Spring SS, Nylon",Component,FT
CMP-1668,"Cannula, Polycarbonate",Component,EA
CMP-1669,"Electrode Gel Pad, PVC, medical",Component,EA
CMP-1670,Sterile Barrier Pouch,Component,EA
CMP-1671,"Cannula, Polyethylene",Component,EA
CMP-1672,Strain Gauge,Component,EA
CMP-1673,"Label, Lot",Component,ML
CMP-1674,Gasket,Component,EA
CMP-1675,Silicone Tubing,Component,FT
CMP-1676,"Hydrophobic Membrane, Nylon",Component,SET
CMP-1677,"Gasket, Polyethylene",Component,ML
CMP-1678,Injection Port,Component,SET
CMP-1679,Female Adapter,Component,SET
CMP-1680,Thermistor,Component,ML
CMP-1681,"Needle 21G, Nylon",Component,EA
CMP-1682,"Tubing Clamp, PVC, medical",Component,EA
CMP-1683,O-Ring,Component,SET
CMP-1684,Tyvek Lid,Component,SET
CMP-1685,PCB Sensor,Component,EA
CMP-1686,"PCB Sensor, Nylon",Component,EA
CMP-1687,Roller Clamp,Component,ML
CMP-1688,"Gasket, Polypropylene",Component,EA
CMP-1689,"Cap, Protective, Polycarbonate",Component,EA
CMP-1690,Tubing Clamp,Component,EA
CMP-1691,"Cannula, Silicone",Component,SET
CMP-1692,Luer Connector,Component,EA
CMP-1693,O-Ring,Component,ML
CMP-1694,"Y-Site Port, PVC, medical",Component,FT
CMP-1695,"Label, Caution",Component,SET
CMP-1696,"Cannula, Polyurethane",Component,EA
CMP-1697,Electrode Gel Pad,Component,EA
CMP-1698,"Y-Site Port, PVC, medical",Component,SET
CMP-1699,"Transparent Film, PETG",Component,EA
CMP-1700,Transparent Film,Component,FT
CMP-1701,"Check Valve, TPU",Component,EA
CMP-1702,"0.2um Filter, PETG",Component,ML
CMP-1703,"Label, Lot, ABS",Component,EA
CMP-1704,"Snap Connector, ABS",Component,FT
CMP-1705,Silicone Septum,Component,EA
CMP-1706,Transparent Film,Component,EA
CMP-1707,"Cap, Protective, PETG",Component,EA
CMP-1708,Adhesive Border,Component,FT
CMP-1709,Strain Gauge,Component,EA
CMP-1710,Injection Port,Component,EA
CMP-1711,"Roller Clamp, Polyethylene",Component,FT
CMP-1712,Tyvek Lid,Component,EA
CMP-1713,Barrel,Component,SET
CMP-1714,Luer Connector,Component,FT
CMP-1715,Check Valve,Component,EA
CMP-1716,Non-vented Cap,Component,ML
CMP-1717,Needle 23G,Component,EA
CMP-1718,Strain Gauge,Component,EA
CMP-1719,"Drip Chamber, TPU",Component,EA
CMP-1720,Sterile Barrier Pouch,Component,EA
CMP-1721,"Gauze Pad, PVC, medical",Component,FT
CMP-1722,"PVC Tubing, PETG",Component,EA
CMP-1723,"Female Adapter, Silicone",Component,ML
CMP-1724,Desiccant Pack,Component,ML
CMP-1725,Needle 23G,Component,ML
CMP-1726,Silicone Tubing,Component,FT
CMP-1727,Needle 23G,Component,EA
CMP-1728,"Desiccant Pack, Polycarbonate",Component,FT
CMP-1729,Tubing Clamp,Component,ML
CMP-1730,Female Adapter,Component,FT
CMP-1731,Injection Port,Component,SET
CMP-1732,"Drip Chamber, PVC, medical",Component,FT
CMP-1733,"Piston Seal, Polyethylene",Component,EA
CMP-1734,ABD Pad,Component,FT
CMP-1735,Sterile Barrier Pouch,Component,SET
CMP-1736,Tyvek Lid,Component,FT
CMP-1737,Roller Clamp,Component,EA
CMP-1738,"Spike, TPU",Component,FT
CMP-1739,Needle 23G,Component,ML
CMP-1740,"Foam Tape, Polypropylene",Component,FT
CMP-1741,"Adhesive Border, Polycarbonate",Component,SET
CMP-1742,"O-Ring, Nylon",Component,EA
CMP-1743,"Tubing Clamp, Silicone",Component,SET
CMP-1744,"Needle 23G, Polypropylene",Component,EA
CMP-1745,"PCB Sensor, Polyurethane",Component,EA
CMP-1746,"Molded Housing, Polycarbonate",Component,EA
CMP-1747,"Female Adapter, Polyethylene",Component,SET
CMP-1748,"Thermistor, PETG",Component,EA
CMP-1749,Cannula,Component,EA
CMP-1750,Roller Clamp,Component,SET
CMP-1751,Plunger,Component,ML
CMP-1752,Adhesive Border,Component,EA
CMP-1753,ABD Pad,Component,EA
CMP-1754,Female Adapter,Component,EA
CMP-1755,"Cannula, Polypropylene",Component,ML
CMP-1756,"Needle 21G, Polypropylene",Component,EA
CMP-1757,Snap Connector,Component,EA
CMP-1758,"Desiccant Pack, Polyethylene",Component,FT
CMP-1759,"Stopcock, Silicone",Component,EA
CMP-1760,Tubing Clamp,Component,EA
CMP-1761,"Hydrophobic Membrane, Polyurethane",Component,EA
CMP-1762,"Silicone Septum, Polyurethane",Component,SET
CMP-1763,"Injection Port, SS 316L",Component,EA
CMP-1764,Foam Tape,Component,SET
CMP-1765,"Gasket, Latex-free Rubber",Component,EA
CMP-1766,"PCB Sensor, Polyethylene",Component,ML
CMP-1767,Drip Chamber,Component,EA
CMP-1768,Tubing Clamp,Component,SET
CMP-1769,PVC Tubing,Component,FT
CMP-1770,Gauze Pad,Component,EA
CMP-1771,"Stopcock, Polycarbonate",Component,FT
CMP-1772,"Needle 21G, ABS",Component,EA
CMP-1773,Piston Seal,Component,ML
CMP-1774,"Male Adapter, SS 316L",Component,FT
CMP-1775,"O-Ring, TPU",Component,ML
CMP-1776,"Spring SS, Polyethylene",Component,EA
CMP-1777,"Cap, Protective, PVC, medical",Component,EA
CMP-1778,Strain Gauge,Component,EA
CMP-1779,"Luer Connector, Polyurethane",Component,EA
CMP-1780,Sterile Barrier Pouch,Component,EA
CMP-1781,"Molded Housing, Polyethylene",Component,FT
CMP-1782,Desiccant Pack,Component,EA
CMP-1783,Cannula,Component,EA
CMP-1784,"Tyvek Lid, Polypropylene",Component,EA
CMP-1785,"Cap, Protective",Component,SET
CMP-1786,Adhesive Border,Component,ML
CMP-1787,"Snap Connector, TPU",Component,EA
CMP-1788,Electrode Gel Pad,Component,EA
CMP-1789,Strain Gauge,Component,EA
CMP-1790,"Spike, Silicone",Component,EA
CMP-1791,"Plunger, Polypropylene",Component,ML
CMP-1792,Transparent Film,Component,EA
CMP-1793,Plunger,Component,EA
CMP-1794,Thermistor,Component,FT
CMP-1795,ABD Pad,Component,EA
CMP-1796,"Female Adapter, PVC, medical",Component,SET
CMP-1797,Cannula,Component,EA
CMP-1798,Non-vented Cap,Component,EA
CMP-1799,PCB Sensor,Component,EA
CMP-1800,"Desiccant Pack, Nylon",Component,EA
CMP-1801,"Strain Gauge, Silicone",Component,EA
CMP-1802,"Three-way Valve, Polycarbonate",Component,EA
CMP-1803,PCB Sensor,Component,EA
CMP-1804,"Injection Port, Polyethylene",Component,EA
CMP-1805,"PVC Tubing, TPU",Component,ML
CMP-1806,"Needle 23G, SS 316L",Component,EA
CMP-1807,"Cap, Protective, TPU",Component,EA
CMP-1808,Silicone Septum,Component,EA
CMP-1809,"Label, Lot, Nylon",Component,ML
CMP-1810,Desiccant Pack,Component,EA
CMP-1811,"Electrode Gel Pad, Latex-free Rubber",Component,EA
CMP-1812,Male Adapter,Component,EA
CMP-1813,"Stopcock, PETG",Component,EA
CMP-1814,Piston Seal,Component,EA
CMP-1815,"Cap, Protective",Component,EA
CMP-1816,"Tyvek Lid, Polyurethane",Component,FT
CMP-1817,"Spring SS, Polypropylene",Component,EA
CMP-1818,"Female Adapter, Polyethylene",Component,EA
CMP-1819,PCB Sensor,Component,EA
CMP-1820,"Plunger, PETG",Component,EA
CMP-1821,"0.2um Filter, Polyurethane",Component,EA
CMP-1822,"Three-way Valve, PETG",Component,EA
CMP-1823,"Spike, Nylon",Component,EA
CMP-1824,"Roller Clamp, Polyethylene",Component,ML
CMP-1825,"Snap Connector, Polyurethane",Component,SET
CMP-1826,"Hydrophobic Membrane, ABS",Component,EA
CMP-1827,"Tubing Clamp, Polyurethane",Component,EA
CMP-1828,"Gauze Pad, Latex-free Rubber",Component,EA
CMP-1829,"Label, Caution",Component,ML
CMP-1830,Non-vented Cap,Component,SET
CMP-1831,Piston Seal,Component,ML
CMP-1832,"Molded Housing, PVC, medical",Component,SET
CMP-1833,"0.2um Filter, ABS",Component,EA
CMP-1834,Sterile Barrier Pouch,Component,EA
CMP-1835,Strain Gauge,Component,EA
CMP-1836,"Male Adapter, ABS",Component,ML
CMP-1837,Plunger,Component,SET
CMP-1838,"Thermistor, Polyurethane",Component,EA
CMP-1839,Needle 21G,Component,FT
CMP-1840,"Plunger, TPU",Component,EA
CMP-1841,PVC Tubing,Component,EA
CMP-1842,"Silicone Tubing, Polyethylene",Component,EA
CMP-1843,"Label, Caution",Component,SET
CMP-1844,Cannula,Component,SET
CMP-1845,Spike,Component,ML
CMP-1846,"PVC Tubing, SS 316L",Component,ML
CMP-1847,O-Ring,Component,EA
CMP-1848,Thermistor,Component,EA
CMP-1849,Luer Connector,Component,EA
CMP-1850,Tubing Clamp,Component,EA
CMP-1851,"Needle 21G, PETG",Component,EA
CMP-1852,"Vented Cap, ABS",Component,SET
CMP-1853,Stopcock,Component,EA
CMP-1854,"Gasket, Polypropylene",Component,EA
CMP-1855,"O-Ring, Polypropylene",Component,EA
CMP-1856,"Non-vented Cap, Polyethylene",Component,EA
CMP-1857,"Gauze Pad, TPU",Component,EA
CMP-1858,Gauze Pad,Component,ML
CMP-1859,"Molded Housing, Latex-free Rubber",Component,FT
CMP-1860,ABD Pad,Component,EA
CMP-1861,"Snap Connector, PVC, medical",Component,EA
CMP-1862,"Piston Seal, ABS",Component,FT
CMP-1863,ABD Pad,Component,ML
CMP-1864,"Female Adapter, TPU",Component,EA
CMP-1865,"Strain Gauge, SS 316L",Component,FT
CMP-1866,"Cap, Protective, Polycarbonate",Component,FT
CMP-1867,"Cannula, Polycarbonate",Component,FT
CMP-1868,"Luer Connector, Silicone",Component,EA
CMP-1869,O-Ring,Component,EA
CMP-1870,"ABD Pad, Polypropylene",Component,EA
CMP-1871,"Cannula, TPU",Component,SET
CMP-1872,0.2um Filter,Component,ML
CMP-1873,Luer Connector,Component,SET
CMP-1874,Molded Housing,Component,EA
CMP-1875,"Check Valve, Polypropylene",Component,EA
CMP-1876,Female Adapter,Component,FT
CMP-1877,"ABD Pad, Polypropylene",Component,ML
CMP-1878,"Gasket, PETG",Component,EA
CMP-1879,ABD Pad,Component,SET
CMP-1880,Luer Connector,Component,ML
CMP-1881,"Adhesive Border, Polyethylene",Component,EA
CMP-1882,"Drip Chamber, Polycarbonate",Component,EA
CMP-1883,"Check Valve, Polypropylene",Component,EA
CMP-1884,"Male Adapter, ABS",Component,EA
CMP-1885,"O-Ring, PVC, medical",Component,SET
CMP-1886,Desiccant Pack,Component,EA
CMP-1887,"Plunger, PETG",Component,ML
CMP-1888,Cannula,Component,FT
CMP-1889,"Injection Port, Nylon",Component,EA
CMP-1890,Non-vented Cap,Component,EA
CMP-1891,Roller Clamp,Component,EA
CMP-1892,Needle 21G,Component,ML
CMP-1893,"Foam Tape, PVC, medical",Component,EA
CMP-1894,"Cannula, Polyurethane",Component,EA
CMP-1895,"Label, Lot",Component,ML
CMP-1896,Male Adapter,Component,EA
CMP-1897,"Silicone Septum, PVC, medical",Component,EA
CMP-1898,Y-Site Port,Component,EA
CMP-1899,"Vented Cap, Polycarbonate",Component,EA
CMP-1900,Needle 21G,Component,ML
CMP-1901,"Luer Connector, Polycarbonate",Component,ML
CMP-1902,Spring SS,Component,EA
CMP-1903,"Label, Lot, Polypropylene",Component,EA
CMP-1904,"Snap Connector, TPU",Component,EA
CMP-1905,"Vented Cap, Polypropylene",Component,ML
CMP-1906,Electrode Gel Pad,Component,EA
CMP-1907,Spike,Component,ML
CMP-1908,Desiccant Pack,Component,ML
CMP-1909,Male Adapter,Component,ML
CMP-1910,"Foam Tape, Nylon",Component,FT
CMP-1911,Female Adapter,Component,EA
CMP-1912,Spike,Component,EA
CMP-1913,"Piston Seal, Polypropylene",Component,SET
CMP-1914,"Tubing Clamp, Polyethylene",Component,FT
CMP-1915,"Gasket, PETG",Component,EA
CMP-1916,Sterile Barrier Pouch,Component,EA
CMP-1917,"Silicone Septum, ABS",Component,SET
CMP-1918,ABD Pad,Component,EA
CMP-1919,Tyvek Lid,Component,EA
CMP-1920,Male Adapter,Component,ML
CMP-1921,Needle 21G,Component,EA
CMP-1922,Foam Tape,Component,EA
CMP-1923,"Desiccant Pack, Latex-free Rubber",Component,FT
CMP-1924,Molded Housing,Component,FT
CMP-1925,"Gasket, SS 316L",Component,EA
CMP-1926,"Roller Clamp, Polyethylene",Component,EA
CMP-1927,"Sterile Barrier Pouch, Polyethylene",Component,SET
CMP-1928,"Injection Port, ABS",Component,ML
CMP-1929,Electrode Gel Pad,Component,SET
CMP-1930,Sterile Barrier Pouch,Component,SET
CMP-1931,PCB Sensor,Component,EA
CMP-1932,"Electrode Gel Pad, Silicone",Component,SET
CMP-1933,"Electrode Gel Pad, ABS",Component,EA
CMP-1934,"Silicone Septum, ABS",Component,SET
CMP-1935,0.2um Filter,Component,EA
CMP-1936,Silicone Septum,Component,ML
CMP-1937,Molded Housing,Component,EA
CMP-1938,"Cap, Protective",Component,EA
CMP-1939,Stopcock,Component,EA
CMP-1940,"Label, Lot",Component,EA
CMP-1941,"Snap Connector, Polyurethane",Component,SET
CMP-1942,Drip Chamber,Component,SET
CMP-1943,"Needle 23G, SS 316L",Component,EA
CMP-1944,PVC Tubing,Component,EA
CMP-1945,"Tyvek Lid, PETG",Component,FT
CMP-1946,"ABD Pad, ABS",Component,EA
CMP-1947,Drip Chamber,Component,SET
CMP-1948,Non-vented Cap,Component,FT
CMP-1949,Piston Seal,Component,EA
CMP-1950,"Cap, Protective, Polycarbonate",Component,SET
CMP-1951,"Cap, Protective, SS 316L",Component,EA
CMP-1952,"Sterile Barrier Pouch, Nylon",Component,EA
CMP-1953,"Label, Caution, Polycarbonate",Component,SET
CMP-1954,"Stopcock, Polypropylene",Component,EA
CMP-1955,"Barrel, Polyurethane",Component,FT
CMP-1956,"ABD Pad, Polyurethane",Component,EA
CMP-1957,"Spike, PETG",Component,FT
CMP-1958,Three-way Valve,Component,EA
CMP-1959,Check Valve,Component,EA
CMP-1960,Check Valve,Component,EA
CMP-1961,Barrel,Component,EA
CMP-1962,Tyvek Lid,Component,ML
CMP-1963,Injection Port,Component,EA
CMP-1964,Transparent Film,Component,EA
CMP-1965,Silicone Tubing,Component,EA
CMP-1966,"PCB Sensor, Polypropylene",Component,SET
CMP-1967,"Cap, Protective",Component,FT
CMP-1968,Needle 23G,Component,FT
CMP-1969,"Luer Connector, Polypropylene",Component,EA
CMP-1970,"Silicone Tubing, ABS",Component,EA
CMP-1971,"Snap Connector, Silicone",Component,EA
CMP-1972,"Needle 21G, PVC, medical",Component,EA
CMP-1973,Piston Seal,Component,ML
CMP-1974,"Roller Clamp, PETG",Component,ML
CMP-1975,"Check Valve, Nylon",Component,FT
CMP-1976,Desiccant Pack,Component,EA
CMP-1977,"Label, Lot, Polyethylene",Component,EA
CMP-1978,PVC Tubing,Component,EA
CMP-1979,"Vented Cap, ABS",Component,SET
CMP-1980,"Silicone Septum, Polycarbonate",Component,EA
CMP-1981,"Cannula, Polyethylene",Component,EA
CMP-1982,"Label, Caution",Component,EA
CMP-1983,"Drip Chamber, PETG",Component,EA
CMP-1984,Stopcock,Component,EA
CMP-1985,"PVC Tubing, TPU",Component,FT
CMP-1986,Gasket,Component,EA
CMP-1987,Drip Chamber,Component,EA
CMP-1988,"Sterile Barrier Pouch, PVC, medical",Component,FT
CMP-1989,Male Adapter,Component,ML
CMP-1990,Needle 21G,Component,EA
CMP-1991,"Three-way Valve, Polyurethane",Component,FT
CMP-1992,Injection Port,Component,FT
CMP-1993,"Female Adapter, Polyurethane",Component,EA
CMP-1994,Injection Port,Component,EA
CMP-1995,"Barrel, TPU",Component,FT
CMP-1996,Needle 21G,Component,EA
CMP-1997,Non-vented Cap,Component,ML
CMP-1998,"Desiccant Pack, ABS",Component,EA
CMP-1999,"Label, Caution, Polyurethane",Component,SET
