item_number,rev,status,notes
FG-1000,A,released,
FG-1000,B,released,
FG-1000,C,released,
FG-1000,D,released,
FG-1001,A,released,
FG-1001,B,released,
FG-1001,C,released,
FG-1002,A,released,
FG-1002,B,released,
FG-1002,C,released,
FG-1003,A,released,
FG-1003,B,released,
FG-1003,C,released,
FG-1003,D,released,
FG-1004,A,released,
FG-1004,B,released,
FG-1004,C,released,
FG-1005,A,released,
FG-1005,B,released,
FG-1005,C,released,
FG-1006,A,released,
FG-1006,B,released,
FG-1006,C,released,
FG-1006,D,released,
FG-1007,A,released,
FG-1007,B,released,
FG-1007,C,released,
FG-1007,D,released,
FG-1008,A,released,
FG-1008,B,released,
FG-1008,C,released,
FG-1008,D,released,
FG-1009,A,released,
FG-1009,B,released,
FG-1009,C,released,
FG-1009,D,working,
FG-1010,A,released,
FG-1010,B,released,
FG-1010,C,released,
FG-1011,A,released,
FG-1011,B,released,
FG-1011,C,released,
FG-1011,D,released,
FG-1012,A,released,
FG-1012,B,released,
FG-1012,C,released,
FG-1012,D,released,
FG-1013,A,released,
FG-1013,B,released,
FG-1013,C,released,
FG-1013,D,released,
FG-1014,A,released,
FG-1014,B,released,
FG-1014,C,released,
FG-1014,D,working,
FG-1015,A,released,
FG-1015,B,released,
FG-1015,C,released,
FG-1015,D,released,
FG-1016,A,released,
FG-1016,B,released,
FG-1016,C,released,
FG-1017,A,released,
FG-1017,B,released,
FG-1017,C,working,
FG-1018,A,released,
FG-1018,B,released,
FG-1018,C,released,
FG-1018,D,working,
FG-1019,A,released,
FG-1019,B,released,
FG-1019,C,released,
FG-1020,A,released,
FG-1020,B,released,
FG-1020,C,released,
FG-1021,A,released,
FG-1021,B,released,
FG-1021,C,released,
FG-1021,D,released,
FG-1022,A,released,
FG-1022,B,released,
FG-1022,C,released,
FG-1022,D,released,
FG-1023,A,released,
FG-1023,B,released,
FG-1023,C,working,
FG-1024,A,released,
FG-1024,B,released,
FG-1024,C,working,
FG-1025,A,released,
FG-1025,B,released,
FG-1025,C,released,
FG-1025,D,working,
FG-1026,A,released,
FG-1026,B,released,
FG-1026,C,released,
FG-1026,D,released,
FG-1027,A,released,
FG-1027,B,released,
FG-1027,C,released,
FG-1028,A,released,
FG-1028,B,released,
FG-1028,C,released,
FG-1028,D,working,
FG-1029,A,released,
FG-1029,B,released,
FG-1029,C,working,
FG-1030,A,released,
FG-1030,B,released,
FG-1030,C,released,
FG-1031,A,released,
FG-1031,B,released,
FG-1031,C,released,
FG-1031,D,released,
FG-1032,A,released,
FG-1032,B,released,
FG-1032,C,released,
FG-1033,A,released,
FG-1033,B,released,
FG-1033,C,released,
FG-1034,A,released,
FG-1034,B,released,
FG-1034,C,released,
FG-1034,D,working,
FG-1035,A,released,
FG-1035,B,released,
FG-1035,C,released,
FG-1036,A,released,
FG-1036,B,released,
FG-1036,C,working,
FG-1037,A,released,
FG-1037,B,released,
FG-1037,C,working,
FG-1038,A,released,
FG-1038,B,released,
FG-1038,C,released,
FG-1039,A,released,
FG-1039,B,released,
FG-1039,C,released,
FG-1039,D,working,
SA-1000,A,released,
SA-1000,B,released,
SA-1000,C,working,
SA-1001,A,released,
SA-1001,B,released,
SA-1001,C,released,
SA-1002,A,released,
SA-1002,B,released,
SA-1002,C,released,
SA-1002,D,released,
SA-1003,A,released,
SA-1003,B,released,
SA-1003,C,released,
SA-1004,A,released,
SA-1004,B,released,
SA-1004,C,released,
SA-1005,A,released,
SA-1005,B,released,
SA-1005,C,released,
SA-1005,D,released,
SA-1006,A,released,
SA-1006,B,released,
SA-1006,C,released,
SA-1006,D,released,
SA-1007,A,released,
SA-1007,B,released,
SA-1007,C,released,
SA-1008,A,released,
SA-1008,B,released,
SA-1008,C,released,
SA-1008,D,working,
SA-1009,A,released,
SA-1009,B,released,
SA-1009,C,working,
SA-1010,A,released,
SA-1010,B,released,
SA-1010,C,working,
SA-1011,A,released,
SA-1011,B,released,
SA-1011,C,released,
SA-1012,A,released,
SA-1012,B,released,
SA-1012,C,released,
SA-1012,D,released,
SA-1013,A,released,
SA-1013,B,released,
SA-1013,C,released,
SA-1013,D,released,
SA-1014,A,released,
SA-1014,B,released,
SA-1014,C,working,
SA-1015,A,released,
SA-1015,B,released,
SA-1015,C,released,
SA-1016,A,released,
SA-1016,B,released,
SA-1016,C,released,
SA-1017,A,released,
SA-1017,B,released,
SA-1017,C,working,
SA-1018,A,released,
SA-1018,B,released,
SA-1018,C,released,
SA-1018,D,released,
SA-1019,A,released,
SA-1019,B,released,
SA-1019,C,working,
SA-1020,A,released,
SA-1020,B,released,
SA-1020,C,released,
SA-1020,D,released,
SA-1021,A,released,
SA-1021,B,released,
SA-1021,C,working,
SA-1022,A,released,
SA-1022,B,released,
SA-1022,C,released,
SA-1022,D,released,
SA-1023,A,released,
SA-1023,B,released,
SA-1023,C,released,
SA-1023,D,released,
SA-1024,A,released,
SA-1024,B,released,
SA-1024,C,released,
SA-1024,D,working,
SA-1025,A,released,
SA-1025,B,released,
SA-1025,C,released,
SA-1025,D,released,
SA-1026,A,released,
SA-1026,B,released,
SA-1026,C,released,
SA-1027,A,released,
SA-1027,B,released,
SA-1027,C,released,
SA-1027,D,released,
SA-1028,A,released,
SA-1028,B,released,
SA-1028,C,working,
SA-1029,A,released,
SA-1029,B,released,
SA-1029,C,released,
SA-1029,D,released,
SA-1030,A,released,
SA-1030,B,released,
SA-1030,C,working,
SA-1031,A,released,
SA-1031,B,released,
SA-1031,C,working,
SA-1032,A,released,
SA-1032,B,released,
SA-1032,C,released,
SA-1033,A,released,
SA-1033,B,released,
SA-1033,C,released,
SA-1033,D,released,
SA-1034,A,released,
SA-1034,B,released,
SA-1034,C,released,
SA-1034,D,released,
SA-1035,A,released,
SA-1035,B,released,
SA-1035,C,working,
SA-1036,A,released,
SA-1036,B,released,
SA-1036,C,released,
SA-1036,D,released,
SA-1037,A,released,
SA-1037,B,released,
SA-1037,C,released,
SA-1038,A,released,
SA-1038,B,released,
SA-1038,C,released,
SA-1039,A,released,
SA-1039,B,released,
SA-1039,C,released,
SA-1039,D,working,
SA-1040,A,released,
SA-1040,B,released,
SA-1040,C,released,
SA-1040,D,released,
SA-1041,A,released,
SA-1041,B,released,
SA-1041,C,released,
SA-1041,D,released,
SA-1042,A,released,
SA-1042,B,released,
SA-1042,C,released,
SA-1043,A,released,
SA-1043,B,released,
SA-1043,C,released,
SA-1044,A,released,
SA-1044,B,released,
SA-1044,C,released,
SA-1045,A,released,
SA-1045,B,released,
SA-1045,C,released,
SA-1046,A,released,
SA-1046,B,released,
SA-1046,C,released,
SA-1047,A,released,
SA-1047,B,released,
SA-1047,C,working,
SA-1048,A,released,
SA-1048,B,released,
SA-1048,C,released,
SA-1048,D,released,
SA-1049,A,released,
SA-1049,B,released,
SA-1049,C,released,
SA-1049,D,working,
SA-1050,A,released,
SA-1050,B,released,
SA-1050,C,released,
SA-1050,D,released,
SA-1051,A,released,
SA-1051,B,released,
SA-1051,C,released,
SA-1051,D,released,
SA-1052,A,released,
SA-1052,B,released,
SA-1052,C,released,
SA-1052,D,released,
SA-1053,A,released,
SA-1053,B,released,
SA-1053,C,working,
SA-1054,A,released,
SA-1054,B,released,
SA-1054,C,released,
SA-1054,D,working,
SA-1055,A,released,
SA-1055,B,released,
SA-1055,C,released,
SA-1055,D,released,
SA-1056,A,released,
SA-1056,B,released,
SA-1056,C,released,
SA-1056,D,working,
SA-1057,A,released,
SA-1057,B,released,
SA-1057,C,released,
SA-1058,A,released,
SA-1058,B,released,
SA-1058,C,released,
SA-1058,D,released,
SA-1059,A,released,
SA-1059,B,released,
SA-1059,C,working,
SA-1060,A,released,
SA-1060,B,released,
SA-1060,C,released,
SA-1061,A,released,
SA-1061,B,released,
SA-1061,C,released,
SA-1061,D,released,
SA-1062,A,released,
SA-1062,B,released,
SA-1062,C,released,
SA-1062,D,released,
SA-1063,A,released,
SA-1063,B,released,
SA-1063,C,released,
SA-1064,A,released,
SA-1064,B,released,
SA-1064,C,released,
SA-1065,A,released,
SA-1065,B,released,
SA-1065,C,released,
SA-1065,D,released,
SA-1066,A,released,
SA-1066,B,released,
SA-1066,C,working,
SA-1067,A,released,
SA-1067,B,released,
SA-1067,C,released,
SA-1067,D,released,
SA-1068,A,released,
SA-1068,B,released,
SA-1068,C,released,
SA-1068,D,working,
SA-1069,A,released,
SA-1069,B,released,
SA-1069,C,released,
SA-1069,D,released,
SA-1070,A,released,
SA-1070,B,released,
SA-1070,C,working,
SA-1071,A,released,
SA-1071,B,released,
SA-1071,C,released,
SA-1072,A,released,
SA-1072,B,released,
SA-1072,C,working,
SA-1073,A,released,
SA-1073,B,released,
SA-1073,C,released,
SA-1074,A,released,
SA-1074,B,released,
SA-1074,C,released,
SA-1074,D,released,
SA-1075,A,released,
SA-1075,B,released,
SA-1075,C,working,
SA-1076,A,released,
SA-1076,B,released,
SA-1076,C,released,
SA-1076,D,released,
SA-1077,A,released,
SA-1077,B,released,
SA-1077,C,released,
SA-1077,D,working,
SA-1078,A,released,
SA-1078,B,released,
SA-1078,C,working,
SA-1079,A,released,
SA-1079,B,released,
SA-1079,C,released,
SA-1079,D,released,
SA-1080,A,released,
SA-1080,B,released,
SA-1080,C,released,
SA-1080,D,released,
SA-1081,A,released,
SA-1081,B,released,
SA-1081,C,released,
SA-1081,D,working,
SA-1082,A,released,
SA-1082,B,released,
SA-1082,C,released,
SA-1082,D,released,
SA-1083,A,released,
SA-1083,B,released,
SA-1083,C,working,
SA-1084,A,released,
SA-1084,B,released,
SA-1084,C,released,
SA-1085,A,released,
SA-1085,B,released,
SA-1085,C,working,
SA-1086,A,released,
SA-1086,B,released,
SA-1086,C,released,
SA-1086,D,released,
SA-1087,A,released,
SA-1087,B,released,
SA-1087,C,released,
SA-1087,D,released,
SA-1088,A,released,
SA-1088,B,released,
SA-1088,C,released,
SA-1089,A,released,
SA-1089,B,released,
SA-1089,C,released,
SA-1089,D,released,
SA-1090,A,released,
SA-1090,B,released,
SA-1090,C,released,
SA-1091,A,released,
SA-1091,B,released,
SA-1091,C,released,
SA-1091,D,released,
SA-1092,A,released,
SA-1092,B,released,
SA-1092,C,working,
SA-1093,A,released,
SA-1093,B,released,
SA-1093,C,released,
SA-1094,A,released,
SA-1094,B,released,
SA-1094,C,released,
SA-1094,D,working,
SA-1095,A,released,
SA-1095,B,released,
SA-1095,C,released,
SA-1095,D,working,
SA-1096,A,released,
SA-1096,B,released,
SA-1096,C,released,
SA-1096,D,released,
SA-1097,A,released,
SA-1097,B,released,
SA-1097,C,released,
SA-1097,D,released,
SA-1098,A,released,
SA-1098,B,released,
SA-1098,C,released,
SA-1098,D,released,
SA-1099,A,released,
SA-1099,B,released,
SA-1099,C,released,
SA-1099,D,released,
SA-1100,A,released,
SA-1100,B,released,
SA-1100,C,released,
SA-1100,D,released,
SA-1101,A,released,
SA-1101,B,released,
SA-1101,C,released,
SA-1101,D,released,
SA-1102,A,released,
SA-1102,B,released,
SA-1102,C,working,
SA-1103,A,released,
SA-1103,B,released,
SA-1103,C,released,
SA-1104,A,released,
SA-1104,B,released,
SA-1104,C,working,
SA-1105,A,released,
SA-1105,B,released,
SA-1105,C,working,
SA-1106,A,released,
SA-1106,B,released,
SA-1106,C,released,
SA-1107,A,released,
SA-1107,B,released,
SA-1107,C,working,
SA-1108,A,released,
SA-1108,B,released,
SA-1108,C,released,
SA-1109,A,released,
SA-1109,B,released,
SA-1109,C,released,
SA-1109,D,released,
SA-1110,A,released,
SA-1110,B,released,
SA-1110,C,released,
SA-1110,D,working,
SA-1111,A,released,
SA-1111,B,released,
SA-1111,C,released,
SA-1111,D,released,
SA-1112,A,released,
SA-1112,B,released,
SA-1112,C,released,
SA-1112,D,working,
SA-1113,A,released,
SA-1113,B,released,
SA-1113,C,released,
SA-1113,D,released,
SA-1114,A,released,
SA-1114,B,released,
SA-1114,C,released,
SA-1114,D,released,
SA-1115,A,released,
SA-1115,B,released,
SA-1115,C,released,
SA-1115,D,released,
SA-1116,A,released,
SA-1116,B,released,
SA-1116,C,released,
SA-1117,A,released,
SA-1117,B,released,
SA-1117,C,released,
SA-1117,D,released,
SA-1118,A,released,
SA-1118,B,released,
SA-1118,C,working,
SA-1119,A,released,
SA-1119,B,released,
SA-1119,C,released,
SA-1119,D,working,
SA-1120,A,released,
SA-1120,B,released,
SA-1120,C,released,
SA-1121,A,released,
SA-1121,B,released,
SA-1121,C,released,
SA-1122,A,released,
SA-1122,B,released,
SA-1122,C,released,
SA-1123,A,released,
SA-1123,B,released,
SA-1123,C,released,
SA-1123,D,released,
SA-1124,A,released,
SA-1124,B,released,
SA-1124,C,released,
SA-1124,D,released,
SA-1125,A,released,
SA-1125,B,released,
SA-1125,C,working,
SA-1126,A,released,
SA-1126,B,released,
SA-1126,C,working,
SA-1127,A,released,
SA-1127,B,released,
SA-1127,C,released,
SA-1127,D,released,
SA-1128,A,released,
SA-1128,B,released,
SA-1128,C,released,
SA-1128,D,working,
SA-1129,A,released,
SA-1129,B,released,
SA-1129,C,working,
SA-1130,A,released,
SA-1130,B,released,
SA-1130,C,released,
SA-1131,A,released,
SA-1131,B,released,
SA-1131,C,released,
SA-1131,D,working,
SA-1132,A,released,
SA-1132,B,released,
SA-1132,C,released,
SA-1132,D,released,
SA-1133,A,released,
SA-1133,B,released,
SA-1133,C,released,
SA-1133,D,working,
SA-1134,A,released,
SA-1134,B,released,
SA-1134,C,released,
SA-1134,D,released,
SA-1135,A,released,
SA-1135,B,released,
SA-1135,C,released,
SA-1135,D,released,
SA-1136,A,released,
SA-1136,B,released,
SA-1136,C,released,
SA-1136,D,released,
SA-1137,A,released,
SA-1137,B,released,
SA-1137,C,released,
SA-1137,D,working,
SA-1138,A,released,
SA-1138,B,released,
SA-1138,C,released,
SA-1139,A,released,
SA-1139,B,released,
SA-1139,C,working,
SA-1140,A,released,
SA-1140,B,released,
SA-1140,C,released,
SA-1140,D,working,
SA-1141,A,released,
SA-1141,B,released,
SA-1141,C,released,
SA-1142,A,released,
SA-1142,B,released,
SA-1142,C,released,
SA-1142,D,released,
SA-1143,A,released,
SA-1143,B,released,
SA-1143,C,released,
SA-1143,D,released,
SA-1144,A,released,
SA-1144,B,released,
SA-1144,C,released,
SA-1145,A,released,
SA-1145,B,released,
SA-1145,C,released,
SA-1145,D,released,
SA-1146,A,released,
SA-1146,B,released,
SA-1146,C,working,
SA-1147,A,released,
SA-1147,B,released,
SA-1147,C,released,
SA-1148,A,released,
SA-1148,B,released,
SA-1148,C,working,
SA-1149,A,released,
SA-1149,B,released,
SA-1149,C,released,
SA-1150,A,released,
SA-1150,B,released,
SA-1150,C,released,
SA-1150,D,working,
SA-1151,A,released,
SA-1151,B,released,
SA-1151,C,released,
SA-1151,D,working,
SA-1152,A,released,
SA-1152,B,released,
SA-1152,C,released,
SA-1153,A,released,
SA-1153,B,released,
SA-1153,C,working,
SA-1154,A,released,
SA-1154,B,released,
SA-1154,C,released,
SA-1154,D,released,
SA-1155,A,released,
SA-1155,B,released,
SA-1155,C,released,
SA-1155,D,working,
SA-1156,A,released,
SA-1156,B,released,
SA-1156,C,released,
SA-1157,A,released,
SA-1157,B,released,
SA-1157,C,released,
SA-1157,D,released,
SA-1158,A,released,
SA-1158,B,released,
SA-1158,C,released,
SA-1158,D,released,
SA-1159,A,released,
SA-1159,B,released,
SA-1159,C,released,
CMP-1000,A,released,
CMP-1000,B,released,
CMP-1000,C,released,
CMP-1001,A,released,
CMP-1001,B,released,
CMP-1001,C,released,
CMP-1002,A,released,
CMP-1002,B,released,
CMP-1002,C,working,
CMP-1003,A,released,
CMP-1003,B,released,
CMP-1003,C,released,
CMP-1003,D,working,
CMP-1004,A,released,
CMP-1004,B,released,
CMP-1004,C,released,
CMP-1004,D,released,
CMP-1005,A,released,
CMP-1005,B,released,
CMP-1005,C,released,
CMP-1005,D,released,
CMP-1006,A,released,
CMP-1006,B,released,
CMP-1006,C,working,
CMP-1007,A,released,
CMP-1007,B,released,
CMP-1007,C,working,
CMP-1008,A,released,
CMP-1008,B,released,
CMP-1008,C,released,
CMP-1008,D,working,
CMP-1009,A,released,
CMP-1009,B,released,
CMP-1009,C,released,
CMP-1009,D,working,
CMP-1010,A,released,
CMP-1010,B,released,
CMP-1010,C,released,
CMP-1010,D,released,
CMP-1011,A,released,
CMP-1011,B,released,
CMP-1011,C,released,
CMP-1011,D,working,
CMP-1012,A,released,
CMP-1012,B,released,
CMP-1012,C,released,
CMP-1013,A,released,
CMP-1013,B,released,
CMP-1013,C,released,
CMP-1013,D,working,
CMP-1014,A,released,
CMP-1014,B,released,
CMP-1014,C,released,
CMP-1014,D,working,
CMP-1015,A,released,
CMP-1015,B,released,
CMP-1015,C,released,
CMP-1016,A,released,
CMP-1016,B,released,
CMP-1016,C,released,
CMP-1017,A,released,
CMP-1017,B,released,
CMP-1017,C,released,
CMP-1017,D,released,
CMP-1018,A,released,
CMP-1018,B,released,
CMP-1018,C,working,
CMP-1019,A,released,
CMP-1019,B,released,
CMP-1019,C,working,
CMP-1020,A,released,
CMP-1020,B,released,
CMP-1020,C,released,
CMP-1020,D,released,
CMP-1021,A,released,
CMP-1021,B,released,
CMP-1021,C,released,
CMP-1022,A,released,
CMP-1022,B,released,
CMP-1022,C,released,
CMP-1023,A,released,
CMP-1023,B,released,
CMP-1023,C,released,
CMP-1023,D,working,
CMP-1024,A,released,
CMP-1024,B,released,
CMP-1024,C,released,
CMP-1024,D,working,
CMP-1025,A,released,
CMP-1025,B,released,
CMP-1025,C,released,
CMP-1025,D,released,
CMP-1026,A,released,
CMP-1026,B,released,
CMP-1026,C,released,
CMP-1026,D,released,
CMP-1027,A,released,
CMP-1027,B,released,
CMP-1027,C,released,
CMP-1027,D,released,
CMP-1028,A,released,
CMP-1028,B,released,
CMP-1028,C,released,
CMP-1029,A,released,
CMP-1029,B,released,
CMP-1029,C,working,
CMP-1030,A,released,
CMP-1030,B,released,
CMP-1030,C,released,
CMP-1031,A,released,
CMP-1031,B,released,
CMP-1031,C,released,
CMP-1031,D,working,
CMP-1032,A,released,
CMP-1032,B,released,
CMP-1032,C,released,
CMP-1033,A,released,
CMP-1033,B,released,
CMP-1033,C,released,
CMP-1034,A,released,
CMP-1034,B,released,
CMP-1034,C,released,
CMP-1035,A,released,
CMP-1035,B,released,
CMP-1035,C,released,
CMP-1036,A,released,
CMP-1036,B,released,
CMP-1036,C,working,
CMP-1037,A,released,
CMP-1037,B,released,
CMP-1037,C,released,
CMP-1038,A,released,
CMP-1038,B,released,
CMP-1038,C,released,
CMP-1039,A,released,
CMP-1039,B,released,
CMP-1039,C,working,
CMP-1040,A,released,
CMP-1040,B,released,
CMP-1040,C,released,
CMP-1041,A,released,
CMP-1041,B,released,
CMP-1041,C,released,
CMP-1042,A,released,
CMP-1042,B,released,
CMP-1042,C,released,
CMP-1043,A,released,
CMP-1043,B,released,
CMP-1043,C,released,
CMP-1043,D,released,
CMP-1044,A,released,
CMP-1044,B,released,
CMP-1044,C,working,
CMP-1045,A,released,
CMP-1045,B,released,
CMP-1045,C,working,
CMP-1046,A,released,
CMP-1046,B,released,
CMP-1046,C,released,
CMP-1046,D,working,
CMP-1047,A,released,
CMP-1047,B,released,
CMP-1047,C,released,
CMP-1047,D,released,
CMP-1048,A,released,
CMP-1048,B,released,
CMP-1048,C,released,
CMP-1048,D,released,
CMP-1049,A,released,
CMP-1049,B,released,
CMP-1049,C,released,
CMP-1050,A,released,
CMP-1050,B,released,
CMP-1050,C,released,
CMP-1050,D,working,
CMP-1051,A,released,
CMP-1051,B,released,
CMP-1051,C,released,
CMP-1051,D,released,
CMP-1052,A,released,
CMP-1052,B,released,
CMP-1052,C,released,
CMP-1053,A,released,
CMP-1053,B,released,
CMP-1053,C,released,
CMP-1053,D,released,
CMP-1054,A,released,
CMP-1054,B,released,
CMP-1054,C,released,
CMP-1054,D,released,
CMP-1055,A,released,
CMP-1055,B,released,
CMP-1055,C,released,
CMP-1055,D,working,
CMP-1056,A,released,
CMP-1056,B,released,
CMP-1056,C,released,
CMP-1057,A,released,
CMP-1057,B,released,
CMP-1057,C,released,
CMP-1057,D,released,
CMP-1058,A,released,
CMP-1058,B,released,
CMP-1058,C,released,
CMP-1058,D,working,
CMP-1059,A,released,
CMP-1059,B,released,
CMP-1059,C,released,
CMP-1059,D,released,
CMP-1060,A,released,
CMP-1060,B,released,
CMP-1060,C,working,
CMP-1061,A,released,
CMP-1061,B,released,
CMP-1061,C,released,
CMP-1062,A,released,
CMP-1062,B,released,
CMP-1062,C,released,
CMP-1062,D,working,
CMP-1063,A,released,
CMP-1063,B,released,
CMP-1063,C,working,
CMP-1064,A,released,
CMP-1064,B,released,
CMP-1064,C,released,
CMP-1065,A,released,
CMP-1065,B,released,
CMP-1065,C,released,
CMP-1065,D,working,
CMP-1066,A,released,
CMP-1066,B,released,
CMP-1066,C,released,
CMP-1067,A,released,
CMP-1067,B,released,
CMP-1067,C,released,
CMP-1068,A,released,
CMP-1068,B,released,
CMP-1068,C,working,
CMP-1069,A,released,
CMP-1069,B,released,
CMP-1069,C,released,
CMP-1070,A,released,
CMP-1070,B,released,
CMP-1070,C,working,
CMP-1071,A,released,
CMP-1071,B,released,
CMP-1071,C,released,
CMP-1071,D,released,
CMP-1072,A,released,
CMP-1072,B,released,
CMP-1072,C,released,
CMP-1072,D,working,
CMP-1073,A,released,
CMP-1073,B,released,
CMP-1073,C,released,
CMP-1074,A,released,
CMP-1074,B,released,
CMP-1074,C,released,
CMP-1075,A,released,
CMP-1075,B,released,
CMP-1075,C,released,
CMP-1076,A,released,
CMP-1076,B,released,
CMP-1076,C,working,
CMP-1077,A,released,
CMP-1077,B,released,
CMP-1077,C,released,
CMP-1077,D,released,
CMP-1078,A,released,
CMP-1078,B,released,
CMP-1078,C,released,
CMP-1078,D,released,
CMP-1079,A,released,
CMP-1079,B,released,
CMP-1079,C,released,
CMP-1079,D,released,
CMP-1080,A,released,
CMP-1080,B,released,
CMP-1080,C,released,
CMP-1080,D,working,
CMP-1081,A,released,
CMP-1081,B,released,
CMP-1081,C,working,
CMP-1082,A,released,
CMP-1082,B,released,
CMP-1082,C,working,
CMP-1083,A,released,
CMP-1083,B,released,
CMP-1083,C,released,
CMP-1084,A,released,
CMP-1084,B,released,
CMP-1084,C,released,
CMP-1084,D,working,
CMP-1085,A,released,
CMP-1085,B,released,
CMP-1085,C,released,
CMP-1085,D,released,
CMP-1086,A,released,
CMP-1086,B,released,
CMP-1086,C,working,
CMP-1087,A,released,
CMP-1087,B,released,
CMP-1087,C,released,
CMP-1088,A,released,
CMP-1088,B,released,
CMP-1088,C,working,
CMP-1089,A,released,
CMP-1089,B,released,
CMP-1089,C,released,
CMP-1089,D,released,
CMP-1090,A,released,
CMP-1090,B,released,
CMP-1090,C,working,
CMP-1091,A,released,
CMP-1091,B,released,
CMP-1091,C,released,
CMP-1091,D,released,
CMP-1092,A,released,
CMP-1092,B,released,
CMP-1092,C,released,
CMP-1093,A,released,
CMP-1093,B,released,
CMP-1093,C,released,
CMP-1093,D,released,
CMP-1094,A,released,
CMP-1094,B,released,
CMP-1094,C,released,
CMP-1094,D,released,
CMP-1095,A,released,
CMP-1095,B,released,
CMP-1095,C,released,
CMP-1095,D,released,
CMP-1096,A,released,
CMP-1096,B,released,
CMP-1096,C,released,
CMP-1097,A,released,
CMP-1097,B,released,
CMP-1097,C,released,
CMP-1097,D,released,
CMP-1098,A,released,
CMP-1098,B,released,
CMP-1098,C,released,
CMP-1098,D,released,
CMP-1099,A,released,
CMP-1099,B,released,
CMP-1099,C,released,
CMP-1100,A,released,
CMP-1100,B,released,
CMP-1100,C,released,
CMP-1100,D,released,
CMP-1101,A,released,
CMP-1101,B,released,
CMP-1101,C,released,
CMP-1102,A,released,
CMP-1102,B,released,
CMP-1102,C,working,
CMP-1103,A,released,
CMP-1103,B,released,
CMP-1103,C,released,
CMP-1104,A,released,
CMP-1104,B,released,
CMP-1104,C,released,
CMP-1105,A,released,
CMP-1105,B,released,
CMP-1105,C,released,
CMP-1105,D,released,
CMP-1106,A,released,
CMP-1106,B,released,
CMP-1106,C,released,
CMP-1107,A,released,
CMP-1107,B,released,
CMP-1107,C,released,
CMP-1107,D,working,
CMP-1108,A,released,
CMP-1108,B,released,
CMP-1108,C,working,
CMP-1109,A,released,
CMP-1109,B,released,
CMP-1109,C,released,
CMP-1109,D,working,
CMP-1110,A,released,
CMP-1110,B,released,
CMP-1110,C,released,
CMP-1110,D,released,
CMP-1111,A,released,
CMP-1111,B,released,
CMP-1111,C,released,
CMP-1112,A,released,
CMP-1112,B,released,
CMP-1112,C,working,
CMP-1113,A,released,
CMP-1113,B,released,
CMP-1113,C,released,
CMP-1113,D,released,
CMP-1114,A,released,
CMP-1114,B,released,
CMP-1114,C,released,
CMP-1114,D,released,
CMP-1115,A,released,
CMP-1115,B,released,
CMP-1115,C,released,
CMP-1116,A,released,
CMP-1116,B,released,
CMP-1116,C,working,
CMP-1117,A,released,
CMP-1117,B,released,
CMP-1117,C,released,
CMP-1118,A,released,
CMP-1118,B,released,
CMP-1118,C,released,
CMP-1119,A,released,
CMP-1119,B,released,
CMP-1119,C,released,
CMP-1119,D,released,
CMP-1120,A,released,
CMP-1120,B,released,
CMP-1120,C,released,
CMP-1120,D,released,
CMP-1121,A,released,
CMP-1121,B,released,
CMP-1121,C,released,
CMP-1122,A,released,
CMP-1122,B,released,
CMP-1122,C,released,
CMP-1123,A,released,
CMP-1123,B,released,
CMP-1123,C,working,
CMP-1124,A,released,
CMP-1124,B,released,
CMP-1124,C,released,
CMP-1125,A,released,
CMP-1125,B,released,
CMP-1125,C,working,
CMP-1126,A,released,
CMP-1126,B,released,
CMP-1126,C,released,
CMP-1126,D,released,
CMP-1127,A,released,
CMP-1127,B,released,
CMP-1127,C,released,
CMP-1128,A,released,
CMP-1128,B,released,
CMP-1128,C,working,
CMP-1129,A,released,
CMP-1129,B,released,
CMP-1129,C,released,
CMP-1129,D,released,
CMP-1130,A,released,
CMP-1130,B,released,
CMP-1130,C,released,
CMP-1131,A,released,
CMP-1131,B,released,
CMP-1131,C,working,
CMP-1132,A,released,
CMP-1132,B,released,
CMP-1132,C,released,
CMP-1133,A,released,
CMP-1133,B,released,
CMP-1133,C,working,
CMP-1134,A,released,
CMP-1134,B,released,
CMP-1134,C,released,
CMP-1135,A,released,
CMP-1135,B,released,
CMP-1135,C,working,
CMP-1136,A,released,
CMP-1136,B,released,
CMP-1136,C,released,
CMP-1136,D,released,
CMP-1137,A,released,
CMP-1137,B,released,
CMP-1137,C,working,
CMP-1138,A,released,
CMP-1138,B,released,
CMP-1138,C,released,
CMP-1138,D,released,
CMP-1139,A,released,
CMP-1139,B,released,
CMP-1139,C,released,
CMP-1139,D,released,
CMP-1140,A,released,
CMP-1140,B,released,
CMP-1140,C,released,
CMP-1140,D,working,
CMP-1141,A,released,
CMP-1141,B,released,
CMP-1141,C,released,
CMP-1142,A,released,
CMP-1142,B,released,
CMP-1142,C,working,
CMP-1143,A,released,
CMP-1143,B,released,
CMP-1143,C,working,
CMP-1144,A,released,
CMP-1144,B,released,
CMP-1144,C,working,
CMP-1145,A,released,
CMP-1145,B,released,
CMP-1145,C,released,
CMP-1146,A,released,
CMP-1146,B,released,
CMP-1146,C,released,
CMP-1146,D,released,
CMP-1147,A,released,
CMP-1147,B,released,
CMP-1147,C,working,
CMP-1148,A,released,
CMP-1148,B,released,
CMP-1148,C,released,
CMP-1148,D,working,
CMP-1149,A,released,
CMP-1149,B,released,
CMP-1149,C,released,
CMP-1149,D,released,
CMP-1150,A,released,
CMP-1150,B,released,
CMP-1150,C,released,
CMP-1150,D,released,
CMP-1151,A,released,
CMP-1151,B,released,
CMP-1151,C,working,
CMP-1152,A,released,
CMP-1152,B,released,
CMP-1152,C,released,
CMP-1152,D,working,
CMP-1153,A,released,
CMP-1153,B,released,
CMP-1153,C,released,
CMP-1153,D,released,
CMP-1154,A,released,
CMP-1154,B,released,
CMP-1154,C,working,
CMP-1155,A,released,
CMP-1155,B,released,
CMP-1155,C,released,
CMP-1155,D,working,
CMP-1156,A,released,
CMP-1156,B,released,
CMP-1156,C,released,
CMP-1156,D,released,
CMP-1157,A,released,
CMP-1157,B,released,
CMP-1157,C,released,
CMP-1158,A,released,
CMP-1158,B,released,
CMP-1158,C,released,
CMP-1158,D,released,
CMP-1159,A,released,
CMP-1159,B,released,
CMP-1159,C,working,
CMP-1160,A,released,
CMP-1160,B,released,
CMP-1160,C,working,
CMP-1161,A,released,
CMP-1161,B,released,
CMP-1161,C,released,
CMP-1161,D,released,
CMP-1162,A,released,
CMP-1162,B,released,
CMP-1162,C,released,
CMP-1162,D,working,
CMP-1163,A,released,
CMP-1163,B,released,
CMP-1163,C,working,
CMP-1164,A,released,
CMP-1164,B,released,
CMP-1164,C,released,
CMP-1164,D,working,
CMP-1165,A,released,
CMP-1165,B,released,
CMP-1165,C,released,
CMP-1165,D,released,
CMP-1166,A,released,
CMP-1166,B,released,
CMP-1166,C,released,
CMP-1167,A,released,
CMP-1167,B,released,
CMP-1167,C,released,
CMP-1167,D,working,
CMP-1168,A,released,
CMP-1168,B,released,
CMP-1168,C,released,
CMP-1169,A,released,
CMP-1169,B,released,
CMP-1169,C,working,
CMP-1170,A,released,
CMP-1170,B,released,
CMP-1170,C,released,
CMP-1171,A,released,
CMP-1171,B,released,
CMP-1171,C,released,
CMP-1171,D,released,
CMP-1172,A,released,
CMP-1172,B,released,
CMP-1172,C,released,
CMP-1172,D,released,
CMP-1173,A,released,
CMP-1173,B,released,
CMP-1173,C,released,
CMP-1174,A,released,
CMP-1174,B,released,
CMP-1174,C,released,
CMP-1175,A,released,
CMP-1175,B,released,
CMP-1175,C,working,
CMP-1176,A,released,
CMP-1176,B,released,
CMP-1176,C,released,
CMP-1176,D,released,
CMP-1177,A,released,
CMP-1177,B,released,
CMP-1177,C,released,
CMP-1178,A,released,
CMP-1178,B,released,
CMP-1178,C,released,
CMP-1179,A,released,
CMP-1179,B,released,
CMP-1179,C,released,
CMP-1179,D,released,
CMP-1180,A,released,
CMP-1180,B,released,
CMP-1180,C,released,
CMP-1180,D,released,
CMP-1181,A,released,
CMP-1181,B,released,
CMP-1181,C,released,
CMP-1182,A,released,
CMP-1182,B,released,
CMP-1182,C,released,
CMP-1183,A,released,
CMP-1183,B,released,
CMP-1183,C,released,
CMP-1184,A,released,
CMP-1184,B,released,
CMP-1184,C,released,
CMP-1184,D,released,
CMP-1185,A,released,
CMP-1185,B,released,
CMP-1185,C,released,
CMP-1185,D,working,
CMP-1186,A,released,
CMP-1186,B,released,
CMP-1186,C,working,
CMP-1187,A,released,
CMP-1187,B,released,
CMP-1187,C,released,
CMP-1188,A,released,
CMP-1188,B,released,
CMP-1188,C,released,
CMP-1188,D,released,
CMP-1189,A,released,
CMP-1189,B,released,
CMP-1189,C,working,
CMP-1190,A,released,
CMP-1190,B,released,
CMP-1190,C,working,
CMP-1191,A,released,
CMP-1191,B,released,
CMP-1191,C,released,
CMP-1192,A,released,
CMP-1192,B,released,
CMP-1192,C,released,
CMP-1193,A,released,
CMP-1193,B,released,
CMP-1193,C,released,
CMP-1193,D,working,
CMP-1194,A,released,
CMP-1194,B,released,
CMP-1194,C,released,
CMP-1195,A,released,
CMP-1195,B,released,
CMP-1195,C,working,
CMP-1196,A,released,
CMP-1196,B,released,
CMP-1196,C,released,
CMP-1196,D,released,
CMP-1197,A,released,
CMP-1197,B,released,
CMP-1197,C,released,
CMP-1197,D,released,
CMP-1198,A,released,
CMP-1198,B,released,
CMP-1198,C,working,
CMP-1199,A,released,
CMP-1199,B,released,
CMP-1199,C,released,
CMP-1199,D,released,
CMP-1200,A,released,
CMP-1200,B,released,
CMP-1200,C,released,
CMP-1200,D,released,
CMP-1201,A,released,
CMP-1201,B,released,
CMP-1201,C,working,
CMP-1202,A,released,
CMP-1202,B,released,
CMP-1202,C,working,
CMP-1203,A,released,
CMP-1203,B,released,
CMP-1203,C,released,
CMP-1204,A,released,
CMP-1204,B,released,
CMP-1204,C,released,
CMP-1204,D,released,
CMP-1205,A,released,
CMP-1205,B,released,
CMP-1205,C,released,
CMP-1205,D,working,
CMP-1206,A,released,
CMP-1206,B,released,
CMP-1206,C,released,
CMP-1207,A,released,
CMP-1207,B,released,
CMP-1207,C,released,
CMP-1208,A,released,
CMP-1208,B,released,
CMP-1208,C,released,
CMP-1208,D,released,
CMP-1209,A,released,
CMP-1209,B,released,
CMP-1209,C,released,
CMP-1209,D,working,
CMP-1210,A,released,
CMP-1210,B,released,
CMP-1210,C,working,
CMP-1211,A,released,
CMP-1211,B,released,
CMP-1211,C,released,
CMP-1211,D,working,
CMP-1212,A,released,
CMP-1212,B,released,
CMP-1212,C,released,
CMP-1212,D,released,
CMP-1213,A,released,
CMP-1213,B,released,
CMP-1213,C,released,
CMP-1213,D,released,
CMP-1214,A,released,
CMP-1214,B,released,
CMP-1214,C,released,
CMP-1215,A,released,
CMP-1215,B,released,
CMP-1215,C,released,
CMP-1215,D,working,
CMP-1216,A,released,
CMP-1216,B,released,
CMP-1216,C,working,
CMP-1217,A,released,
CMP-1217,B,released,
CMP-1217,C,released,
CMP-1217,D,working,
CMP-1218,A,released,
CMP-1218,B,released,
CMP-1218,C,released,
CMP-1218,D,working,
CMP-1219,A,released,
CMP-1219,B,released,
CMP-1219,C,released,
CMP-1219,D,released,
CMP-1220,A,released,
CMP-1220,B,released,
CMP-1220,C,released,
CMP-1220,D,working,
CMP-1221,A,released,
CMP-1221,B,released,
CMP-1221,C,released,
CMP-1221,D,released,
CMP-1222,A,released,
CMP-1222,B,released,
CMP-1222,C,working,
CMP-1223,A,released,
CMP-1223,B,released,
CMP-1223,C,released,
CMP-1224,A,released,
CMP-1224,B,released,
CMP-1224,C,released,
CMP-1225,A,released,
CMP-1225,B,released,
CMP-1225,C,working,
CMP-1226,A,released,
CMP-1226,B,released,
CMP-1226,C,working,
CMP-1227,A,released,
CMP-1227,B,released,
CMP-1227,C,working,
CMP-1228,A,released,
CMP-1228,B,released,
CMP-1228,C,released,
CMP-1228,D,working,
CMP-1229,A,released,
CMP-1229,B,released,
CMP-1229,C,released,
CMP-1229,D,working,
CMP-1230,A,released,
CMP-1230,B,released,
CMP-1230,C,released,
CMP-1231,A,released,
CMP-1231,B,released,
CMP-1231,C,released,
CMP-1231,D,released,
CMP-1232,A,released,
CMP-1232,B,released,
CMP-1232,C,released,
CMP-1233,A,released,
CMP-1233,B,released,
CMP-1233,C,released,
CMP-1233,D,released,
CMP-1234,A,released,
CMP-1234,B,released,
CMP-1234,C,working,
CMP-1235,A,released,
CMP-1235,B,released,
CMP-1235,C,released,
CMP-1235,D,released,
CMP-1236,A,released,
CMP-1236,B,released,
CMP-1236,C,released,
CMP-1237,A,released,
CMP-1237,B,released,
CMP-1237,C,released,
CMP-1238,A,released,
CMP-1238,B,released,
CMP-1238,C,released,
CMP-1238,D,working,
CMP-1239,A,released,
CMP-1239,B,released,
CMP-1239,C,released,
CMP-1240,A,released,
CMP-1240,B,released,
CMP-1240,C,released,
CMP-1240,D,working,
CMP-1241,A,released,
CMP-1241,B,released,
CMP-1241,C,released,
CMP-1242,A,released,
CMP-1242,B,released,
CMP-1242,C,released,
CMP-1242,D,working,
CMP-1243,A,released,
CMP-1243,B,released,
CMP-1243,C,released,
CMP-1243,D,released,
CMP-1244,A,released,
CMP-1244,B,released,
CMP-1244,C,working,
CMP-1245,A,released,
CMP-1245,B,released,
CMP-1245,C,released,
CMP-1246,A,released,
CMP-1246,B,released,
CMP-1246,C,released,
CMP-1246,D,released,
CMP-1247,A,released,
CMP-1247,B,released,
CMP-1247,C,working,
CMP-1248,A,released,
CMP-1248,B,released,
CMP-1248,C,released,
CMP-1249,A,released,
CMP-1249,B,released,
CMP-1249,C,released,
CMP-1250,A,released,
CMP-1250,B,released,
CMP-1250,C,released,
CMP-1251,A,released,
CMP-1251,B,released,
CMP-1251,C,released,
CMP-1251,D,released,
CMP-1252,A,released,
CMP-1252,B,released,
CMP-1252,C,released,
CMP-1252,D,released,
CMP-1253,A,released,
CMP-1253,B,released,
CMP-1253,C,released,
CMP-1253,D,released,
CMP-1254,A,released,
CMP-1254,B,released,
CMP-1254,C,released,
CMP-1254,D,released,
CMP-1255,A,released,
CMP-1255,B,released,
CMP-1255,C,released,
CMP-1256,A,released,
CMP-1256,B,released,
CMP-1256,C,released,
CMP-1256,D,released,
CMP-1257,A,released,
CMP-1257,B,released,
CMP-1257,C,released,
CMP-1258,A,released,
CMP-1258,B,released,
CMP-1258,C,released,
CMP-1258,D,working,
CMP-1259,A,released,
CMP-1259,B,released,
CMP-1259,C,released,
CMP-1259,D,working,
CMP-1260,A,released,
CMP-1260,B,released,
CMP-1260,C,working,
CMP-1261,A,released,
CMP-1261,B,released,
CMP-1261,C,released,
CMP-1261,D,released,
CMP-1262,A,released,
CMP-1262,B,released,
CMP-1262,C,released,
CMP-1262,D,working,
CMP-1263,A,released,
CMP-1263,B,released,
CMP-1263,C,released,
CMP-1263,D,working,
CMP-1264,A,released,
CMP-1264,B,released,
CMP-1264,C,released,
CMP-1264,D,released,
CMP-1265,A,released,
CMP-1265,B,released,
CMP-1265,C,released,
CMP-1265,D,working,
CMP-1266,A,released,
CMP-1266,B,released,
CMP-1266,C,released,
CMP-1267,A,released,
CMP-1267,B,released,
CMP-1267,C,released,
CMP-1267,D,released,
CMP-1268,A,released,
CMP-1268,B,released,
CMP-1268,C,working,
CMP-1269,A,released,
CMP-1269,B,released,
CMP-1269,C,released,
CMP-1269,D,released,
CMP-1270,A,released,
CMP-1270,B,released,
CMP-1270,C,released,
CMP-1270,D,released,
CMP-1271,A,released,
CMP-1271,B,released,
CMP-1271,C,released,
CMP-1271,D,working,
CMP-1272,A,released,
CMP-1272,B,released,
CMP-1272,C,released,
CMP-1272,D,working,
CMP-1273,A,released,
CMP-1273,B,released,
CMP-1273,C,released,
CMP-1274,A,released,
CMP-1274,B,released,
CMP-1274,C,working,
CMP-1275,A,released,
CMP-1275,B,released,
CMP-1275,C,released,
CMP-1275,D,working,
CMP-1276,A,released,
CMP-1276,B,released,
CMP-1276,C,released,
CMP-1276,D,released,
CMP-1277,A,released,
CMP-1277,B,released,
CMP-1277,C,released,
CMP-1277,D,released,
CMP-1278,A,released,
CMP-1278,B,released,
CMP-1278,C,released,
CMP-1278,D,released,
CMP-1279,A,released,
CMP-1279,B,released,
CMP-1279,C,released,
CMP-1279,D,released,
CMP-1280,A,released,
CMP-1280,B,released,
CMP-1280,C,released,
CMP-1280,D,released,
CMP-1281,A,released,
CMP-1281,B,released,
CMP-1281,C,released,
CMP-1281,D,released,
CMP-1282,A,released,
CMP-1282,B,released,
CMP-1282,C,working,
CMP-1283,A,released,
CMP-1283,B,released,
CMP-1283,C,released,
CMP-1284,A,released,
CMP-1284,B,released,
CMP-1284,C,working,
CMP-1285,A,released,
CMP-1285,B,released,
CMP-1285,C,working,
CMP-1286,A,released,
CMP-1286,B,released,
CMP-1286,C,released,
CMP-1286,D,working,
CMP-1287,A,released,
CMP-1287,B,released,
CMP-1287,C,released,
CMP-1287,D,released,
CMP-1288,A,released,
CMP-1288,B,released,
CMP-1288,C,working,
CMP-1289,A,released,
CMP-1289,B,released,
CMP-1289,C,released,
CMP-1290,A,released,
CMP-1290,B,released,
CMP-1290,C,released,
CMP-1291,A,released,
CMP-1291,B,released,
CMP-1291,C,released,
CMP-1292,A,released,
CMP-1292,B,released,
CMP-1292,C,working,
CMP-1293,A,released,
CMP-1293,B,released,
CMP-1293,C,released,
CMP-1294,A,released,
CMP-1294,B,released,
CMP-1294,C,released,
CMP-1294,D,working,
CMP-1295,A,released,
CMP-1295,B,released,
CMP-1295,C,released,
CMP-1295,D,released,
CMP-1296,A,released,
CMP-1296,B,released,
CMP-1296,C,released,
CMP-1296,D,released,
CMP-1297,A,released,
CMP-1297,B,released,
CMP-1297,C,working,
CMP-1298,A,released,
CMP-1298,B,released,
CMP-1298,C,working,
CMP-1299,A,released,
CMP-1299,B,released,
CMP-1299,C,released,
CMP-1299,D,released,
CMP-1300,A,released,
CMP-1300,B,released,
CMP-1300,C,working,
CMP-1301,A,released,
CMP-1301,B,released,
CMP-1301,C,released,
CMP-1301,D,released,
CMP-1302,A,released,
CMP-1302,B,released,
CMP-1302,C,released,
CMP-1302,D,working,
CMP-1303,A,released,
CMP-1303,B,released,
CMP-1303,C,working,
CMP-1304,A,released,
CMP-1304,B,released,
CMP-1304,C,released,
CMP-1305,A,released,
CMP-1305,B,released,
CMP-1305,C,released,
CMP-1305,D,released,
CMP-1306,A,released,
CMP-1306,B,released,
CMP-1306,C,released,
CMP-1306,D,released,
CMP-1307,A,released,
CMP-1307,B,released,
CMP-1307,C,released,
CMP-1308,A,released,
CMP-1308,B,released,
CMP-1308,C,released,
CMP-1309,A,released,
CMP-1309,B,released,
CMP-1309,C,working,
CMP-1310,A,released,
CMP-1310,B,released,
CMP-1310,C,released,
CMP-1310,D,released,
CMP-1311,A,released,
CMP-1311,B,released,
CMP-1311,C,released,
CMP-1311,D,released,
CMP-1312,A,released,
CMP-1312,B,released,
CMP-1312,C,released,
CMP-1312,D,released,
CMP-1313,A,released,
CMP-1313,B,released,
CMP-1313,C,released,
CMP-1314,A,released,
CMP-1314,B,released,
CMP-1314,C,working,
CMP-1315,A,released,
CMP-1315,B,released,
CMP-1315,C,released,
CMP-1315,D,released,
CMP-1316,A,released,
CMP-1316,B,released,
CMP-1316,C,released,
CMP-1316,D,working,
CMP-1317,A,released,
CMP-1317,B,released,
CMP-1317,C,released,
CMP-1317,D,released,
CMP-1318,A,released,
CMP-1318,B,released,
CMP-1318,C,released,
CMP-1318,D,working,
CMP-1319,A,released,
CMP-1319,B,released,
CMP-1319,C,working,
CMP-1320,A,released,
CMP-1320,B,released,
CMP-1320,C,released,
CMP-1320,D,released,
CMP-1321,A,released,
CMP-1321,B,released,
CMP-1321,C,released,
CMP-1321,D,released,
CMP-1322,A,released,
CMP-1322,B,released,
CMP-1322,C,released,
CMP-1322,D,working,
CMP-1323,A,released,
CMP-1323,B,released,
CMP-1323,C,released,
CMP-1323,D,working,
CMP-1324,A,released,
CMP-1324,B,released,
CMP-1324,C,released,
CMP-1325,A,released,
CMP-1325,B,released,
CMP-1325,C,working,
CMP-1326,A,released,
CMP-1326,B,released,
CMP-1326,C,released,
CMP-1327,A,released,
CMP-1327,B,released,
CMP-1327,C,released,
CMP-1328,A,released,
CMP-1328,B,released,
CMP-1328,C,released,
CMP-1328,D,released,
CMP-1329,A,released,
CMP-1329,B,released,
CMP-1329,C,released,
CMP-1329,D,working,
CMP-1330,A,released,
CMP-1330,B,released,
CMP-1330,C,released,
CMP-1331,A,released,
CMP-1331,B,released,
CMP-1331,C,released,
CMP-1332,A,released,
CMP-1332,B,released,
CMP-1332,C,working,
CMP-1333,A,released,
CMP-1333,B,released,
CMP-1333,C,released,
CMP-1334,A,released,
CMP-1334,B,released,
CMP-1334,C,released,
CMP-1334,D,released,
CMP-1335,A,released,
CMP-1335,B,released,
CMP-1335,C,released,
CMP-1335,D,released,
CMP-1336,A,released,
CMP-1336,B,released,
CMP-1336,C,released,
CMP-1337,A,released,
CMP-1337,B,released,
CMP-1337,C,working,
CMP-1338,A,released,
CMP-1338,B,released,
CMP-1338,C,released,
CMP-1338,D,working,
CMP-1339,A,released,
CMP-1339,B,released,
CMP-1339,C,released,
CMP-1340,A,released,
CMP-1340,B,released,
CMP-1340,C,released,
CMP-1341,A,released,
CMP-1341,B,released,
CMP-1341,C,released,
CMP-1342,A,released,
CMP-1342,B,released,
CMP-1342,C,released,
CMP-1342,D,working,
CMP-1343,A,released,
CMP-1343,B,released,
CMP-1343,C,released,
CMP-1343,D,working,
CMP-1344,A,released,
CMP-1344,B,released,
CMP-1344,C,released,
CMP-1344,D,working,
CMP-1345,A,released,
CMP-1345,B,released,
CMP-1345,C,released,
CMP-1345,D,released,
CMP-1346,A,released,
CMP-1346,B,released,
CMP-1346,C,working,
CMP-1347,A,released,
CMP-1347,B,released,
CMP-1347,C,released,
CMP-1347,D,released,
CMP-1348,A,released,
CMP-1348,B,released,
CMP-1348,C,released,
CMP-1348,D,released,
CMP-1349,A,released,
CMP-1349,B,released,
CMP-1349,C,released,
CMP-1349,D,working,
CMP-1350,A,released,
CMP-1350,B,released,
CMP-1350,C,released,
CMP-1350,D,released,
CMP-1351,A,released,
CMP-1351,B,released,
CMP-1351,C,released,
CMP-1351,D,released,
CMP-1352,A,released,
CMP-1352,B,released,
CMP-1352,C,released,
CMP-1352,D,released,
CMP-1353,A,released,
CMP-1353,B,released,
CMP-1353,C,released,
CMP-1353,D,released,
CMP-1354,A,released,
CMP-1354,B,released,
CMP-1354,C,released,
CMP-1355,A,released,
CMP-1355,B,released,
CMP-1355,C,released,
CMP-1355,D,working,
CMP-1356,A,released,
CMP-1356,B,released,
CMP-1356,C,released,
CMP-1356,D,released,
CMP-1357,A,released,
CMP-1357,B,released,
CMP-1357,C,released,
CMP-1357,D,released,
CMP-1358,A,released,
CMP-1358,B,released,
CMP-1358,C,released,
CMP-1358,D,released,
CMP-1359,A,released,
CMP-1359,B,released,
CMP-1359,C,released,
CMP-1359,D,working,
CMP-1360,A,released,
CMP-1360,B,released,
CMP-1360,C,released,
CMP-1361,A,released,
CMP-1361,B,released,
CMP-1361,C,released,
CMP-1362,A,released,
CMP-1362,B,released,
CMP-1362,C,released,
CMP-1362,D,released,
CMP-1363,A,released,
CMP-1363,B,released,
CMP-1363,C,released,
CMP-1363,D,released,
CMP-1364,A,released,
CMP-1364,B,released,
CMP-1364,C,working,
CMP-1365,A,released,
CMP-1365,B,released,
CMP-1365,C,released,
CMP-1366,A,released,
CMP-1366,B,released,
CMP-1366,C,released,
CMP-1366,D,released,
CMP-1367,A,released,
CMP-1367,B,released,
CMP-1367,C,released,
CMP-1368,A,released,
CMP-1368,B,released,
CMP-1368,C,released,
CMP-1368,D,released,
CMP-1369,A,released,
CMP-1369,B,released,
CMP-1369,C,released,
CMP-1369,D,released,
CMP-1370,A,released,
CMP-1370,B,released,
CMP-1370,C,working,
CMP-1371,A,released,
CMP-1371,B,released,
CMP-1371,C,released,
CMP-1371,D,released,
CMP-1372,A,released,
CMP-1372,B,released,
CMP-1372,C,released,
CMP-1373,A,released,
CMP-1373,B,released,
CMP-1373,C,released,
CMP-1374,A,released,
CMP-1374,B,released,
CMP-1374,C,released,
CMP-1374,D,released,
CMP-1375,A,released,
CMP-1375,B,released,
CMP-1375,C,released,
CMP-1375,D,working,
CMP-1376,A,released,
CMP-1376,B,released,
CMP-1376,C,released,
CMP-1377,A,released,
CMP-1377,B,released,
CMP-1377,C,released,
CMP-1378,A,released,
CMP-1378,B,released,
CMP-1378,C,released,
CMP-1379,A,released,
CMP-1379,B,released,
CMP-1379,C,working,
CMP-1380,A,released,
CMP-1380,B,released,
CMP-1380,C,released,
CMP-1381,A,released,
CMP-1381,B,released,
CMP-1381,C,released,
CMP-1381,D,released,
CMP-1382,A,released,
CMP-1382,B,released,
CMP-1382,C,released,
CMP-1383,A,released,
CMP-1383,B,released,
CMP-1383,C,working,
CMP-1384,A,released,
CMP-1384,B,released,
CMP-1384,C,working,
CMP-1385,A,released,
CMP-1385,B,released,
CMP-1385,C,released,
CMP-1386,A,released,
CMP-1386,B,released,
CMP-1386,C,released,
CMP-1387,A,released,
CMP-1387,B,released,
CMP-1387,C,released,
CMP-1387,D,released,
CMP-1388,A,released,
CMP-1388,B,released,
CMP-1388,C,working,
CMP-1389,A,released,
CMP-1389,B,released,
CMP-1389,C,released,
CMP-1389,D,working,
CMP-1390,A,released,
CMP-1390,B,released,
CMP-1390,C,released,
CMP-1390,D,working,
CMP-1391,A,released,
CMP-1391,B,released,
CMP-1391,C,working,
CMP-1392,A,released,
CMP-1392,B,released,
CMP-1392,C,released,
CMP-1393,A,released,
CMP-1393,B,released,
CMP-1393,C,working,
CMP-1394,A,released,
CMP-1394,B,released,
CMP-1394,C,released,
CMP-1394,D,released,
CMP-1395,A,released,
CMP-1395,B,released,
CMP-1395,C,released,
CMP-1395,D,released,
CMP-1396,A,released,
CMP-1396,B,released,
CMP-1396,C,released,
CMP-1396,D,released,
CMP-1397,A,released,
CMP-1397,B,released,
CMP-1397,C,released,
CMP-1398,A,released,
CMP-1398,B,released,
CMP-1398,C,released,
CMP-1399,A,released,
CMP-1399,B,released,
CMP-1399,C,released,
CMP-1399,D,released,
CMP-1400,A,released,
CMP-1400,B,released,
CMP-1400,C,working,
CMP-1401,A,released,
CMP-1401,B,released,
CMP-1401,C,released,
CMP-1401,D,released,
CMP-1402,A,released,
CMP-1402,B,released,
CMP-1402,C,released,
CMP-1402,D,working,
CMP-1403,A,released,
CMP-1403,B,released,
CMP-1403,C,working,
CMP-1404,A,released,
CMP-1404,B,released,
CMP-1404,C,working,
CMP-1405,A,released,
CMP-1405,B,released,
CMP-1405,C,released,
CMP-1406,A,released,
CMP-1406,B,released,
CMP-1406,C,released,
CMP-1406,D,released,
CMP-1407,A,released,
CMP-1407,B,released,
CMP-1407,C,released,
CMP-1408,A,released,
CMP-1408,B,released,
CMP-1408,C,released,
CMP-1408,D,released,
CMP-1409,A,released,
CMP-1409,B,released,
CMP-1409,C,released,
CMP-1410,A,released,
CMP-1410,B,released,
CMP-1410,C,released,
CMP-1411,A,released,
CMP-1411,B,released,
CMP-1411,C,working,
CMP-1412,A,released,
CMP-1412,B,released,
CMP-1412,C,released,
CMP-1412,D,released,
CMP-1413,A,released,
CMP-1413,B,released,
CMP-1413,C,released,
CMP-1414,A,released,
CMP-1414,B,released,
CMP-1414,C,released,
CMP-1415,A,released,
CMP-1415,B,released,
CMP-1415,C,released,
CMP-1416,A,released,
CMP-1416,B,released,
CMP-1416,C,released,
CMP-1416,D,released,
CMP-1417,A,released,
CMP-1417,B,released,
CMP-1417,C,working,
CMP-1418,A,released,
CMP-1418,B,released,
CMP-1418,C,released,
CMP-1419,A,released,
CMP-1419,B,released,
CMP-1419,C,released,
CMP-1419,D,working,
CMP-1420,A,released,
CMP-1420,B,released,
CMP-1420,C,released,
CMP-1420,D,working,
CMP-1421,A,released,
CMP-1421,B,released,
CMP-1421,C,released,
CMP-1422,A,released,
CMP-1422,B,released,
CMP-1422,C,released,
CMP-1422,D,released,
CMP-1423,A,released,
CMP-1423,B,released,
CMP-1423,C,released,
CMP-1423,D,released,
CMP-1424,A,released,
CMP-1424,B,released,
CMP-1424,C,released,
CMP-1424,D,released,
CMP-1425,A,released,
CMP-1425,B,released,
CMP-1425,C,released,
CMP-1425,D,released,
CMP-1426,A,released,
CMP-1426,B,released,
CMP-1426,C,released,
CMP-1427,A,released,
CMP-1427,B,released,
CMP-1427,C,released,
CMP-1428,A,released,
CMP-1428,B,released,
CMP-1428,C,released,
CMP-1428,D,working,
CMP-1429,A,released,
CMP-1429,B,released,
CMP-1429,C,released,
CMP-1429,D,released,
CMP-1430,A,released,
CMP-1430,B,released,
CMP-1430,C,released,
CMP-1431,A,released,
CMP-1431,B,released,
CMP-1431,C,released,
CMP-1431,D,working,
CMP-1432,A,released,
CMP-1432,B,released,
CMP-1432,C,released,
CMP-1432,D,working,
CMP-1433,A,released,
CMP-1433,B,released,
CMP-1433,C,released,
CMP-1434,A,released,
CMP-1434,B,released,
CMP-1434,C,released,
CMP-1435,A,released,
CMP-1435,B,released,
CMP-1435,C,released,
CMP-1435,D,released,
CMP-1436,A,released,
CMP-1436,B,released,
CMP-1436,C,released,
CMP-1437,A,released,
CMP-1437,B,released,
CMP-1437,C,released,
CMP-1437,D,working,
CMP-1438,A,released,
CMP-1438,B,released,
CMP-1438,C,released,
CMP-1439,A,released,
CMP-1439,B,released,
CMP-1439,C,working,
CMP-1440,A,released,
CMP-1440,B,released,
CMP-1440,C,released,
CMP-1441,A,released,
CMP-1441,B,released,
CMP-1441,C,released,
CMP-1441,D,working,
CMP-1442,A,released,
CMP-1442,B,released,
CMP-1442,C,released,
CMP-1442,D,released,
CMP-1443,A,released,
CMP-1443,B,released,
CMP-1443,C,released,
CMP-1444,A,released,
CMP-1444,B,released,
CMP-1444,C,released,
CMP-1444,D,released,
CMP-1445,A,released,
CMP-1445,B,released,
CMP-1445,C,released,
CMP-1446,A,released,
CMP-1446,B,released,
CMP-1446,C,released,
CMP-1446,D,working,
CMP-1447,A,released,
CMP-1447,B,released,
CMP-1447,C,released,
CMP-1448,A,released,
CMP-1448,B,released,
CMP-1448,C,released,
CMP-1448,D,released,
CMP-1449,A,released,
CMP-1449,B,released,
CMP-1449,C,released,
CMP-1449,D,released,
CMP-1450,A,released,
CMP-1450,B,released,
CMP-1450,C,released,
CMP-1451,A,released,
CMP-1451,B,released,
CMP-1451,C,released,
CMP-1451,D,released,
CMP-1452,A,released,
CMP-1452,B,released,
CMP-1452,C,released,
CMP-1452,D,working,
CMP-1453,A,released,
CMP-1453,B,released,
CMP-1453,C,released,
CMP-1454,A,released,
CMP-1454,B,released,
CMP-1454,C,released,
CMP-1455,A,released,
CMP-1455,B,released,
CMP-1455,C,working,
CMP-1456,A,released,
CMP-1456,B,released,
CMP-1456,C,released,
CMP-1456,D,released,
CMP-1457,A,released,
CMP-1457,B,released,
CMP-1457,C,released,
CMP-1457,D,working,
CMP-1458,A,released,
CMP-1458,B,released,
CMP-1458,C,released,
CMP-1459,A,released,
CMP-1459,B,released,
CMP-1459,C,released,
CMP-1460,A,released,
CMP-1460,B,released,
CMP-1460,C,released,
CMP-1461,A,released,
CMP-1461,B,released,
CMP-1461,C,released,
CMP-1462,A,released,
CMP-1462,B,released,
CMP-1462,C,released,
CMP-1462,D,released,
CMP-1463,A,released,
CMP-1463,B,released,
CMP-1463,C,released,
CMP-1463,D,released,
CMP-1464,A,released,
CMP-1464,B,released,
CMP-1464,C,working,
CMP-1465,A,released,
CMP-1465,B,released,
CMP-1465,C,working,
CMP-1466,A,released,
CMP-1466,B,released,
CMP-1466,C,released,
CMP-1466,D,released,
CMP-1467,A,released,
CMP-1467,B,released,
CMP-1467,C,working,
CMP-1468,A,released,
CMP-1468,B,released,
CMP-1468,C,released,
CMP-1468,D,released,
CMP-1469,A,released,
CMP-1469,B,released,
CMP-1469,C,released,
CMP-1469,D,working,
CMP-1470,A,released,
CMP-1470,B,released,
CMP-1470,C,released,
CMP-1471,A,released,
CMP-1471,B,released,
CMP-1471,C,released,
CMP-1472,A,released,
CMP-1472,B,released,
CMP-1472,C,released,
CMP-1472,D,released,
CMP-1473,A,released,
CMP-1473,B,released,
CMP-1473,C,released,
CMP-1473,D,released,
CMP-1474,A,released,
CMP-1474,B,released,
CMP-1474,C,released,
CMP-1475,A,released,
CMP-1475,B,released,
CMP-1475,C,released,
CMP-1475,D,released,
CMP-1476,A,released,
CMP-1476,B,released,
CMP-1476,C,released,
CMP-1476,D,released,
CMP-1477,A,released,
CMP-1477,B,released,
CMP-1477,C,released,
CMP-1477,D,released,
CMP-1478,A,released,
CMP-1478,B,released,
CMP-1478,C,working,
CMP-1479,A,released,
CMP-1479,B,released,
CMP-1479,C,working,
CMP-1480,A,released,
CMP-1480,B,released,
CMP-1480,C,released,
CMP-1481,A,released,
CMP-1481,B,released,
CMP-1481,C,released,
CMP-1481,D,working,
CMP-1482,A,released,
CMP-1482,B,released,
CMP-1482,C,released,
CMP-1482,D,working,
CMP-1483,A,released,
CMP-1483,B,released,
CMP-1483,C,released,
CMP-1483,D,released,
CMP-1484,A,released,
CMP-1484,B,released,
CMP-1484,C,released,
CMP-1484,D,working,
CMP-1485,A,released,
CMP-1485,B,released,
CMP-1485,C,released,
CMP-1485,D,working,
CMP-1486,A,released,
CMP-1486,B,released,
CMP-1486,C,released,
CMP-1487,A,released,
CMP-1487,B,released,
CMP-1487,C,released,
CMP-1488,A,released,
CMP-1488,B,released,
CMP-1488,C,released,
CMP-1488,D,working,
CMP-1489,A,released,
CMP-1489,B,released,
CMP-1489,C,released,
CMP-1489,D,released,
CMP-1490,A,released,
CMP-1490,B,released,
CMP-1490,C,working,
CMP-1491,A,released,
CMP-1491,B,released,
CMP-1491,C,released,
CMP-1491,D,released,
CMP-1492,A,released,
CMP-1492,B,released,
CMP-1492,C,released,
CMP-1493,A,released,
CMP-1493,B,released,
CMP-1493,C,released,
CMP-1494,A,released,
CMP-1494,B,released,
CMP-1494,C,released,
CMP-1494,D,released,
CMP-1495,A,released,
CMP-1495,B,released,
CMP-1495,C,released,
CMP-1496,A,released,
CMP-1496,B,released,
CMP-1496,C,released,
CMP-1497,A,released,
CMP-1497,B,released,
CMP-1497,C,released,
CMP-1497,D,working,
CMP-1498,A,released,
CMP-1498,B,released,
CMP-1498,C,released,
CMP-1498,D,working,
CMP-1499,A,released,
CMP-1499,B,released,
CMP-1499,C,released,
CMP-1499,D,working,
CMP-1500,A,released,
CMP-1500,B,released,
CMP-1500,C,working,
CMP-1501,A,released,
CMP-1501,B,released,
CMP-1501,C,released,
CMP-1501,D,working,
CMP-1502,A,released,
CMP-1502,B,released,
CMP-1502,C,working,
CMP-1503,A,released,
CMP-1503,B,released,
CMP-1503,C,released,
CMP-1503,D,working,
CMP-1504,A,released,
CMP-1504,B,released,
CMP-1504,C,released,
CMP-1504,D,working,
CMP-1505,A,released,
CMP-1505,B,released,
CMP-1505,C,released,
CMP-1506,A,released,
CMP-1506,B,released,
CMP-1506,C,released,
CMP-1506,D,released,
CMP-1507,A,released,
CMP-1507,B,released,
CMP-1507,C,released,
CMP-1508,A,released,
CMP-1508,B,released,
CMP-1508,C,released,
CMP-1508,D,working,
CMP-1509,A,released,
CMP-1509,B,released,
CMP-1509,C,released,
CMP-1510,A,released,
CMP-1510,B,released,
CMP-1510,C,working,
CMP-1511,A,released,
CMP-1511,B,released,
CMP-1511,C,released,
CMP-1511,D,released,
CMP-1512,A,released,
CMP-1512,B,released,
CMP-1512,C,released,
CMP-1513,A,released,
CMP-1513,B,released,
CMP-1513,C,released,
CMP-1513,D,released,
CMP-1514,A,released,
CMP-1514,B,released,
CMP-1514,C,released,
CMP-1515,A,released,
CMP-1515,B,released,
CMP-1515,C,released,
CMP-1516,A,released,
CMP-1516,B,released,
CMP-1516,C,released,
CMP-1516,D,released,
CMP-1517,A,released,
CMP-1517,B,released,
CMP-1517,C,released,
CMP-1517,D,working,
CMP-1518,A,released,
CMP-1518,B,released,
CMP-1518,C,released,
CMP-1518,D,working,
CMP-1519,A,released,
CMP-1519,B,released,
CMP-1519,C,released,
CMP-1520,A,released,
CMP-1520,B,released,
CMP-1520,C,released,
CMP-1520,D,released,
CMP-1521,A,released,
CMP-1521,B,released,
CMP-1521,C,released,
CMP-1522,A,released,
CMP-1522,B,released,
CMP-1522,C,released,
CMP-1522,D,working,
CMP-1523,A,released,
CMP-1523,B,released,
CMP-1523,C,released,
CMP-1524,A,released,
CMP-1524,B,released,
CMP-1524,C,released,
CMP-1524,D,working,
CMP-1525,A,released,
CMP-1525,B,released,
CMP-1525,C,released,
CMP-1525,D,working,
CMP-1526,A,released,
CMP-1526,B,released,
CMP-1526,C,working,
CMP-1527,A,released,
CMP-1527,B,released,
CMP-1527,C,working,
CMP-1528,A,released,
CMP-1528,B,released,
CMP-1528,C,released,
CMP-1529,A,released,
CMP-1529,B,released,
CMP-1529,C,released,
CMP-1529,D,working,
CMP-1530,A,released,
CMP-1530,B,released,
CMP-1530,C,released,
CMP-1530,D,released,
CMP-1531,A,released,
CMP-1531,B,released,
CMP-1531,C,released,
CMP-1531,D,released,
CMP-1532,A,released,
CMP-1532,B,released,
CMP-1532,C,released,
CMP-1532,D,working,
CMP-1533,A,released,
CMP-1533,B,released,
CMP-1533,C,released,
CMP-1534,A,released,
CMP-1534,B,released,
CMP-1534,C,released,
CMP-1535,A,released,
CMP-1535,B,released,
CMP-1535,C,released,
CMP-1535,D,released,
CMP-1536,A,released,
CMP-1536,B,released,
CMP-1536,C,released,
CMP-1536,D,working,
CMP-1537,A,released,
CMP-1537,B,released,
CMP-1537,C,released,
CMP-1537,D,released,
CMP-1538,A,released,
CMP-1538,B,released,
CMP-1538,C,released,
CMP-1538,D,released,
CMP-1539,A,released,
CMP-1539,B,released,
CMP-1539,C,released,
CMP-1540,A,released,
CMP-1540,B,released,
CMP-1540,C,released,
CMP-1541,A,released,
CMP-1541,B,released,
CMP-1541,C,released,
CMP-1542,A,released,
CMP-1542,B,released,
CMP-1542,C,released,
CMP-1542,D,released,
CMP-1543,A,released,
CMP-1543,B,released,
CMP-1543,C,released,
CMP-1543,D,released,
CMP-1544,A,released,
CMP-1544,B,released,
CMP-1544,C,released,
CMP-1544,D,working,
CMP-1545,A,released,
CMP-1545,B,released,
CMP-1545,C,released,
CMP-1545,D,released,
CMP-1546,A,released,
CMP-1546,B,released,
CMP-1546,C,released,
CMP-1546,D,working,
CMP-1547,A,released,
CMP-1547,B,released,
CMP-1547,C,released,
CMP-1547,D,released,
CMP-1548,A,released,
CMP-1548,B,released,
CMP-1548,C,released,
CMP-1549,A,released,
CMP-1549,B,released,
CMP-1549,C,released,
CMP-1549,D,released,
CMP-1550,A,released,
CMP-1550,B,released,
CMP-1550,C,released,
CMP-1551,A,released,
CMP-1551,B,released,
CMP-1551,C,released,
CMP-1551,D,working,
CMP-1552,A,released,
CMP-1552,B,released,
CMP-1552,C,working,
CMP-1553,A,released,
CMP-1553,B,released,
CMP-1553,C,released,
CMP-1553,D,released,
CMP-1554,A,released,
CMP-1554,B,released,
CMP-1554,C,working,
CMP-1555,A,released,
CMP-1555,B,released,
CMP-1555,C,released,
CMP-1555,D,working,
CMP-1556,A,released,
CMP-1556,B,released,
CMP-1556,C,released,
CMP-1557,A,released,
CMP-1557,B,released,
CMP-1557,C,working,
CMP-1558,A,released,
CMP-1558,B,released,
CMP-1558,C,released,
CMP-1558,D,released,
CMP-1559,A,released,
CMP-1559,B,released,
CMP-1559,C,released,
CMP-1560,A,released,
CMP-1560,B,released,
CMP-1560,C,released,
CMP-1560,D,released,
CMP-1561,A,released,
CMP-1561,B,released,
CMP-1561,C,released,
CMP-1561,D,working,
CMP-1562,A,released,
CMP-1562,B,released,
CMP-1562,C,working,
CMP-1563,A,released,
CMP-1563,B,released,
CMP-1563,C,released,
CMP-1564,A,released,
CMP-1564,B,released,
CMP-1564,C,working,
CMP-1565,A,released,
CMP-1565,B,released,
CMP-1565,C,released,
CMP-1566,A,released,
CMP-1566,B,released,
CMP-1566,C,released,
CMP-1566,D,working,
CMP-1567,A,released,
CMP-1567,B,released,
CMP-1567,C,released,
CMP-1568,A,released,
CMP-1568,B,released,
CMP-1568,C,working,
CMP-1569,A,released,
CMP-1569,B,released,
CMP-1569,C,released,
CMP-1570,A,released,
CMP-1570,B,released,
CMP-1570,C,released,
CMP-1570,D,working,
CMP-1571,A,released,
CMP-1571,B,released,
CMP-1571,C,released,
CMP-1572,A,released,
CMP-1572,B,released,
CMP-1572,C,released,
CMP-1572,D,released,
CMP-1573,A,released,
CMP-1573,B,released,
CMP-1573,C,released,
CMP-1574,A,released,
CMP-1574,B,released,
CMP-1574,C,working,
CMP-1575,A,released,
CMP-1575,B,released,
CMP-1575,C,released,
CMP-1575,D,released,
CMP-1576,A,released,
CMP-1576,B,released,
CMP-1576,C,working,
CMP-1577,A,released,
CMP-1577,B,released,
CMP-1577,C,released,
CMP-1577,D,working,
CMP-1578,A,released,
CMP-1578,B,released,
CMP-1578,C,working,
CMP-1579,A,released,
CMP-1579,B,released,
CMP-1579,C,released,
CMP-1579,D,released,
CMP-1580,A,released,
CMP-1580,B,released,
CMP-1580,C,released,
CMP-1580,D,working,
CMP-1581,A,released,
CMP-1581,B,released,
CMP-1581,C,released,
CMP-1582,A,released,
CMP-1582,B,released,
CMP-1582,C,released,
CMP-1582,D,working,
CMP-1583,A,released,
CMP-1583,B,released,
CMP-1583,C,working,
CMP-1584,A,released,
CMP-1584,B,released,
CMP-1584,C,working,
CMP-1585,A,released,
CMP-1585,B,released,
CMP-1585,C,released,
CMP-1585,D,released,
CMP-1586,A,released,
CMP-1586,B,released,
CMP-1586,C,working,
CMP-1587,A,released,
CMP-1587,B,released,
CMP-1587,C,released,
CMP-1588,A,released,
CMP-1588,B,released,
CMP-1588,C,released,
CMP-1589,A,released,
CMP-1589,B,released,
CMP-1589,C,released,
CMP-1589,D,working,
CMP-1590,A,released,
CMP-1590,B,released,
CMP-1590,C,released,
CMP-1591,A,released,
CMP-1591,B,released,
CMP-1591,C,released,
CMP-1591,D,working,
CMP-1592,A,released,
CMP-1592,B,released,
CMP-1592,C,released,
CMP-1592,D,working,
CMP-1593,A,released,
CMP-1593,B,released,
CMP-1593,C,released,
CMP-1593,D,released,
CMP-1594,A,released,
CMP-1594,B,released,
CMP-1594,C,released,
CMP-1595,A,released,
CMP-1595,B,released,
CMP-1595,C,released,
CMP-1595,D,released,
CMP-1596,A,released,
CMP-1596,B,released,
CMP-1596,C,released,
CMP-1596,D,released,
CMP-1597,A,released,
CMP-1597,B,released,
CMP-1597,C,released,
CMP-1598,A,released,
CMP-1598,B,released,
CMP-1598,C,released,
CMP-1598,D,working,
CMP-1599,A,released,
CMP-1599,B,released,
CMP-1599,C,released,
CMP-1599,D,released,
CMP-1600,A,released,
CMP-1600,B,released,
CMP-1600,C,released,
CMP-1601,A,released,
CMP-1601,B,released,
CMP-1601,C,released,
CMP-1601,D,released,
CMP-1602,A,released,
CMP-1602,B,released,
CMP-1602,C,working,
CMP-1603,A,released,
CMP-1603,B,released,
CMP-1603,C,released,
CMP-1604,A,released,
CMP-1604,B,released,
CMP-1604,C,released,
CMP-1604,D,working,
CMP-1605,A,released,
CMP-1605,B,released,
CMP-1605,C,released,
CMP-1606,A,released,
CMP-1606,B,released,
CMP-1606,C,working,
CMP-1607,A,released,
CMP-1607,B,released,
CMP-1607,C,released,
CMP-1607,D,released,
CMP-1608,A,released,
CMP-1608,B,released,
CMP-1608,C,released,
CMP-1609,A,released,
CMP-1609,B,released,
CMP-1609,C,released,
CMP-1610,A,released,
CMP-1610,B,released,
CMP-1610,C,released,
CMP-1611,A,released,
CMP-1611,B,released,
CMP-1611,C,released,
CMP-1611,D,released,
CMP-1612,A,released,
CMP-1612,B,released,
CMP-1612,C,released,
CMP-1612,D,released,
CMP-1613,A,released,
CMP-1613,B,released,
CMP-1613,C,released,
CMP-1613,D,released,
CMP-1614,A,released,
CMP-1614,B,released,
CMP-1614,C,released,
CMP-1615,A,released,
CMP-1615,B,released,
CMP-1615,C,released,
CMP-1616,A,released,
CMP-1616,B,released,
CMP-1616,C,released,
CMP-1616,D,released,
CMP-1617,A,released,
CMP-1617,B,released,
CMP-1617,C,released,
CMP-1617,D,released,
CMP-1618,A,released,
CMP-1618,B,released,
CMP-1618,C,released,
CMP-1618,D,working,
CMP-1619,A,released,
CMP-1619,B,released,
CMP-1619,C,released,
CMP-1620,A,released,
CMP-1620,B,released,
CMP-1620,C,released,
CMP-1621,A,released,
CMP-1621,B,released,
CMP-1621,C,working,
CMP-1622,A,released,
CMP-1622,B,released,
CMP-1622,C,released,
CMP-1622,D,working,
CMP-1623,A,released,
CMP-1623,B,released,
CMP-1623,C,released,
CMP-1623,D,released,
CMP-1624,A,released,
CMP-1624,B,released,
CMP-1624,C,released,
CMP-1624,D,released,
CMP-1625,A,released,
CMP-1625,B,released,
CMP-1625,C,released,
CMP-1626,A,released,
CMP-1626,B,released,
CMP-1626,C,released,
CMP-1626,D,released,
CMP-1627,A,released,
CMP-1627,B,released,
CMP-1627,C,released,
CMP-1627,D,working,
CMP-1628,A,released,
CMP-1628,B,released,
CMP-1628,C,released,
CMP-1628,D,working,
CMP-1629,A,released,
CMP-1629,B,released,
CMP-1629,C,working,
CMP-1630,A,released,
CMP-1630,B,released,
CMP-1630,C,released,
CMP-1631,A,released,
CMP-1631,B,released,
CMP-1631,C,released,
CMP-1631,D,released,
CMP-1632,A,released,
CMP-1632,B,released,
CMP-1632,C,released,
CMP-1632,D,released,
CMP-1633,A,released,
CMP-1633,B,released,
CMP-1633,C,released,
CMP-1633,D,released,
CMP-1634,A,released,
CMP-1634,B,released,
CMP-1634,C,released,
CMP-1634,D,released,
CMP-1635,A,released,
CMP-1635,B,released,
CMP-1635,C,released,
CMP-1635,D,working,
CMP-1636,A,released,
CMP-1636,B,released,
CMP-1636,C,released,
CMP-1636,D,released,
CMP-1637,A,released,
CMP-1637,B,released,
CMP-1637,C,released,
CMP-1637,D,working,
CMP-1638,A,released,
CMP-1638,B,released,
CMP-1638,C,released,
CMP-1639,A,released,
CMP-1639,B,released,
CMP-1639,C,released,
CMP-1640,A,released,
CMP-1640,B,released,
CMP-1640,C,released,
CMP-1640,D,working,
CMP-1641,A,released,
CMP-1641,B,released,
CMP-1641,C,released,
CMP-1642,A,released,
CMP-1642,B,released,
CMP-1642,C,released,
CMP-1642,D,working,
CMP-1643,A,released,
CMP-1643,B,released,
CMP-1643,C,working,
CMP-1644,A,released,
CMP-1644,B,released,
CMP-1644,C,released,
CMP-1645,A,released,
CMP-1645,B,released,
CMP-1645,C,released,
CMP-1645,D,released,
CMP-1646,A,released,
CMP-1646,B,released,
CMP-1646,C,released,
CMP-1647,A,released,
CMP-1647,B,released,
CMP-1647,C,released,
CMP-1648,A,released,
CMP-1648,B,released,
CMP-1648,C,released,
CMP-1648,D,released,
CMP-1649,A,released,
CMP-1649,B,released,
CMP-1649,C,released,
CMP-1649,D,released,
CMP-1650,A,released,
CMP-1650,B,released,
CMP-1650,C,working,
CMP-1651,A,released,
CMP-1651,B,released,
CMP-1651,C,released,
CMP-1651,D,working,
CMP-1652,A,released,
CMP-1652,B,released,
CMP-1652,C,released,
CMP-1653,A,released,
CMP-1653,B,released,
CMP-1653,C,working,
CMP-1654,A,released,
CMP-1654,B,released,
CMP-1654,C,working,
CMP-1655,A,released,
CMP-1655,B,released,
CMP-1655,C,released,
CMP-1656,A,released,
CMP-1656,B,released,
CMP-1656,C,working,
CMP-1657,A,released,
CMP-1657,B,released,
CMP-1657,C,released,
CMP-1657,D,released,
CMP-1658,A,released,
CMP-1658,B,released,
CMP-1658,C,released,
CMP-1658,D,working,
CMP-1659,A,released,
CMP-1659,B,released,
CMP-1659,C,working,
CMP-1660,A,released,
CMP-1660,B,released,
CMP-1660,C,released,
CMP-1660,D,released,
CMP-1661,A,released,
CMP-1661,B,released,
CMP-1661,C,released,
CMP-1662,A,released,
CMP-1662,B,released,
CMP-1662,C,released,
CMP-1662,D,released,
CMP-1663,A,released,
CMP-1663,B,released,
CMP-1663,C,released,
CMP-1664,A,released,
CMP-1664,B,released,
CMP-1664,C,released,
CMP-1665,A,released,
CMP-1665,B,released,
CMP-1665,C,working,
CMP-1666,A,released,
CMP-1666,B,released,
CMP-1666,C,released,
CMP-1667,A,released,
CMP-1667,B,released,
CMP-1667,C,released,
CMP-1668,A,released,
CMP-1668,B,released,
CMP-1668,C,released,
CMP-1668,D,working,
CMP-1669,A,released,
CMP-1669,B,released,
CMP-1669,C,released,
CMP-1670,A,released,
CMP-1670,B,released,
CMP-1670,C,released,
CMP-1671,A,released,
CMP-1671,B,released,
CMP-1671,C,working,
CMP-1672,A,released,
CMP-1672,B,released,
CMP-1672,C,released,
CMP-1673,A,released,
CMP-1673,B,released,
CMP-1673,C,working,
CMP-1674,A,released,
CMP-1674,B,released,
CMP-1674,C,released,
CMP-1674,D,working,
CMP-1675,A,released,
CMP-1675,B,released,
CMP-1675,C,working,
CMP-1676,A,released,
CMP-1676,B,released,
CMP-1676,C,released,
CMP-1677,A,released,
CMP-1677,B,released,
CMP-1677,C,working,
CMP-1678,A,released,
CMP-1678,B,released,
CMP-1678,C,released,
CMP-1678,D,released,
CMP-1679,A,released,
CMP-1679,B,released,
CMP-1679,C,released,
CMP-1679,D,working,
CMP-1680,A,released,
CMP-1680,B,released,
CMP-1680,C,released,
CMP-1680,D,released,
CMP-1681,A,released,
CMP-1681,B,released,
CMP-1681,C,released,
CMP-1681,D,released,
CMP-1682,A,released,
CMP-1682,B,released,
CMP-1682,C,released,
CMP-1682,D,released,
CMP-1683,A,released,
CMP-1683,B,released,
CMP-1683,C,released,
CMP-1683,D,working,
CMP-1684,A,released,
CMP-1684,B,released,
CMP-1684,C,released,
CMP-1685,A,released,
CMP-1685,B,released,
CMP-1685,C,working,
CMP-1686,A,released,
CMP-1686,B,released,
CMP-1686,C,released,
CMP-1687,A,released,
CMP-1687,B,released,
CMP-1687,C,released,
CMP-1688,A,released,
CMP-1688,B,released,
CMP-1688,C,released,
CMP-1688,D,working,
CMP-1689,A,released,
CMP-1689,B,released,
CMP-1689,C,released,
CMP-1690,A,released,
CMP-1690,B,released,
CMP-1690,C,working,
CMP-1691,A,released,
CMP-1691,B,released,
CMP-1691,C,released,
CMP-1692,A,released,
CMP-1692,B,released,
CMP-1692,C,released,
CMP-1692,D,released,
CMP-1693,A,released,
CMP-1693,B,released,
CMP-1693,C,released,
CMP-1694,A,released,
CMP-1694,B,released,
CMP-1694,C,released,
CMP-1694,D,working,
CMP-1695,A,released,
CMP-1695,B,released,
CMP-1695,C,working,
CMP-1696,A,released,
CMP-1696,B,released,
CMP-1696,C,working,
CMP-1697,A,released,
CMP-1697,B,released,
CMP-1697,C,released,
CMP-1698,A,released,
CMP-1698,B,released,
CMP-1698,C,released,
CMP-1698,D,released,
CMP-1699,A,released,
CMP-1699,B,released,
CMP-1699,C,released,
CMP-1699,D,released,
CMP-1700,A,released,
CMP-1700,B,released,
CMP-1700,C,released,
CMP-1700,D,released,
CMP-1701,A,released,
CMP-1701,B,released,
CMP-1701,C,working,
CMP-1702,A,released,
CMP-1702,B,released,
CMP-1702,C,released,
CMP-1702,D,released,
CMP-1703,A,released,
CMP-1703,B,released,
CMP-1703,C,released,
CMP-1704,A,released,
CMP-1704,B,released,
CMP-1704,C,working,
CMP-1705,A,released,
CMP-1705,B,released,
CMP-1705,C,working,
CMP-1706,A,released,
CMP-1706,B,released,
CMP-1706,C,working,
CMP-1707,A,released,
CMP-1707,B,released,
CMP-1707,C,released,
CMP-1707,D,working,
CMP-1708,A,released,
CMP-1708,B,released,
CMP-1708,C,released,
CMP-1708,D,working,
CMP-1709,A,released,
CMP-1709,B,released,
CMP-1709,C,released,
CMP-1710,A,released,
CMP-1710,B,released,
CMP-1710,C,released,
CMP-1711,A,released,
CMP-1711,B,released,
CMP-1711,C,released,
CMP-1711,D,working,
CMP-1712,A,released,
CMP-1712,B,released,
CMP-1712,C,released,
CMP-1712,D,working,
CMP-1713,A,released,
CMP-1713,B,released,
CMP-1713,C,released,
CMP-1713,D,released,
CMP-1714,A,released,
CMP-1714,B,released,
CMP-1714,C,working,
CMP-1715,A,released,
CMP-1715,B,released,
CMP-1715,C,released,
CMP-1716,A,released,
CMP-1716,B,released,
CMP-1716,C,working,
CMP-1717,A,released,
CMP-1717,B,released,
CMP-1717,C,released,
CMP-1718,A,released,
CMP-1718,B,released,
CMP-1718,C,released,
CMP-1718,D,released,
CMP-1719,A,released,
CMP-1719,B,released,
CMP-1719,C,released,
CMP-1719,D,released,
CMP-1720,A,released,
CMP-1720,B,released,
CMP-1720,C,released,
CMP-1721,A,released,
CMP-1721,B,released,
CMP-1721,C,released,
CMP-1721,D,released,
CMP-1722,A,released,
CMP-1722,B,released,
CMP-1722,C,released,
CMP-1722,D,working,
CMP-1723,A,released,
CMP-1723,B,released,
CMP-1723,C,released,
CMP-1723,D,released,
CMP-1724,A,released,
CMP-1724,B,released,
CMP-1724,C,working,
CMP-1725,A,released,
CMP-1725,B,released,
CMP-1725,C,released,
CMP-1725,D,working,
CMP-1726,A,released,
CMP-1726,B,released,
CMP-1726,C,released,
CMP-1726,D,released,
CMP-1727,A,released,
CMP-1727,B,released,
CMP-1727,C,working,
CMP-1728,A,released,
CMP-1728,B,released,
CMP-1728,C,released,
CMP-1728,D,released,
CMP-1729,A,released,
CMP-1729,B,released,
CMP-1729,C,working,
CMP-1730,A,released,
CMP-1730,B,released,
CMP-1730,C,working,
CMP-1731,A,released,
CMP-1731,B,released,
CMP-1731,C,released,
CMP-1732,A,released,
CMP-1732,B,released,
CMP-1732,C,released,
CMP-1732,D,working,
CMP-1733,A,released,
CMP-1733,B,released,
CMP-1733,C,released,
CMP-1733,D,working,
CMP-1734,A,released,
CMP-1734,B,released,
CMP-1734,C,working,
CMP-1735,A,released,
CMP-1735,B,released,
CMP-1735,C,released,
CMP-1735,D,released,
CMP-1736,A,released,
CMP-1736,B,released,
CMP-1736,C,released,
CMP-1737,A,released,
CMP-1737,B,released,
CMP-1737,C,released,
CMP-1737,D,working,
CMP-1738,A,released,
CMP-1738,B,released,
CMP-1738,C,released,
CMP-1739,A,released,
CMP-1739,B,released,
CMP-1739,C,released,
CMP-1740,A,released,
CMP-1740,B,released,
CMP-1740,C,released,
CMP-1741,A,released,
CMP-1741,B,released,
CMP-1741,C,released,
CMP-1742,A,released,
CMP-1742,B,released,
CMP-1742,C,released,
CMP-1742,D,working,
CMP-1743,A,released,
CMP-1743,B,released,
CMP-1743,C,released,
CMP-1743,D,released,
CMP-1744,A,released,
CMP-1744,B,released,
CMP-1744,C,released,
CMP-1744,D,working,
CMP-1745,A,released,
CMP-1745,B,released,
CMP-1745,C,released,
CMP-1746,A,released,
CMP-1746,B,released,
CMP-1746,C,released,
CMP-1746,D,working,
CMP-1747,A,released,
CMP-1747,B,released,
CMP-1747,C,released,
CMP-1747,D,released,
CMP-1748,A,released,
CMP-1748,B,released,
CMP-1748,C,working,
CMP-1749,A,released,
CMP-1749,B,released,
CMP-1749,C,released,
CMP-1749,D,working,
CMP-1750,A,released,
CMP-1750,B,released,
CMP-1750,C,released,
CMP-1751,A,released,
CMP-1751,B,released,
CMP-1751,C,working,
CMP-1752,A,released,
CMP-1752,B,released,
CMP-1752,C,released,
CMP-1753,A,released,
CMP-1753,B,released,
CMP-1753,C,released,
CMP-1753,D,released,
CMP-1754,A,released,
CMP-1754,B,released,
CMP-1754,C,working,
CMP-1755,A,released,
CMP-1755,B,released,
CMP-1755,C,released,
CMP-1755,D,released,
CMP-1756,A,released,
CMP-1756,B,released,
CMP-1756,C,released,
CMP-1756,D,released,
CMP-1757,A,released,
CMP-1757,B,released,
CMP-1757,C,working,
CMP-1758,A,released,
CMP-1758,B,released,
CMP-1758,C,working,
CMP-1759,A,released,
CMP-1759,B,released,
CMP-1759,C,released,
CMP-1760,A,released,
CMP-1760,B,released,
CMP-1760,C,released,
CMP-1760,D,released,
CMP-1761,A,released,
CMP-1761,B,released,
CMP-1761,C,working,
CMP-1762,A,released,
CMP-1762,B,released,
CMP-1762,C,released,
CMP-1763,A,released,
CMP-1763,B,released,
CMP-1763,C,released,
CMP-1763,D,released,
CMP-1764,A,released,
CMP-1764,B,released,
CMP-1764,C,released,
CMP-1764,D,released,
CMP-1765,A,released,
CMP-1765,B,released,
CMP-1765,C,released,
CMP-1765,D,released,
CMP-1766,A,released,
CMP-1766,B,released,
CMP-1766,C,working,
CMP-1767,A,released,
CMP-1767,B,released,
CMP-1767,C,working,
CMP-1768,A,released,
CMP-1768,B,released,
CMP-1768,C,released,
CMP-1769,A,released,
CMP-1769,B,released,
CMP-1769,C,released,
CMP-1769,D,released,
CMP-1770,A,released,
CMP-1770,B,released,
CMP-1770,C,released,
CMP-1770,D,working,
CMP-1771,A,released,
CMP-1771,B,released,
CMP-1771,C,working,
CMP-1772,A,released,
CMP-1772,B,released,
CMP-1772,C,released,
CMP-1772,D,working,
CMP-1773,A,released,
CMP-1773,B,released,
CMP-1773,C,working,
CMP-1774,A,released,
CMP-1774,B,released,
CMP-1774,C,released,
CMP-1774,D,released,
CMP-1775,A,released,
CMP-1775,B,released,
CMP-1775,C,released,
CMP-1776,A,released,
CMP-1776,B,released,
CMP-1776,C,released,
CMP-1776,D,released,
CMP-1777,A,released,
CMP-1777,B,released,
CMP-1777,C,released,
CMP-1777,D,released,
CMP-1778,A,released,
CMP-1778,B,released,
CMP-1778,C,working,
CMP-1779,A,released,
CMP-1779,B,released,
CMP-1779,C,released,
CMP-1779,D,released,
CMP-1780,A,released,
CMP-1780,B,released,
CMP-1780,C,released,
CMP-1781,A,released,
CMP-1781,B,released,
CMP-1781,C,released,
CMP-1781,D,released,
CMP-1782,A,released,
CMP-1782,B,released,
CMP-1782,C,released,
CMP-1783,A,released,
CMP-1783,B,released,
CMP-1783,C,released,
CMP-1784,A,released,
CMP-1784,B,released,
CMP-1784,C,working,
CMP-1785,A,released,
CMP-1785,B,released,
CMP-1785,C,released,
CMP-1786,A,released,
CMP-1786,B,released,
CMP-1786,C,released,
CMP-1786,D,released,
CMP-1787,A,released,
CMP-1787,B,released,
CMP-1787,C,working,
CMP-1788,A,released,
CMP-1788,B,released,
CMP-1788,C,working,
CMP-1789,A,released,
CMP-1789,B,released,
CMP-1789,C,working,
CMP-1790,A,released,
CMP-1790,B,released,
CMP-1790,C,released,
CMP-1791,A,released,
CMP-1791,B,released,
CMP-1791,C,working,
CMP-1792,A,released,
CMP-1792,B,released,
CMP-1792,C,released,
CMP-1792,D,released,
CMP-1793,A,released,
CMP-1793,B,released,
CMP-1793,C,released,
CMP-1793,D,released,
CMP-1794,A,released,
CMP-1794,B,released,
CMP-1794,C,released,
CMP-1794,D,working,
CMP-1795,A,released,
CMP-1795,B,released,
CMP-1795,C,released,
CMP-1795,D,released,
CMP-1796,A,released,
CMP-1796,B,released,
CMP-1796,C,released,
CMP-1796,D,released,
CMP-1797,A,released,
CMP-1797,B,released,
CMP-1797,C,released,
CMP-1797,D,released,
CMP-1798,A,released,
CMP-1798,B,released,
CMP-1798,C,released,
CMP-1798,D,working,
CMP-1799,A,released,
CMP-1799,B,released,
CMP-1799,C,released,
CMP-1799,D,working,
CMP-1800,A,released,
CMP-1800,B,released,
CMP-1800,C,released,
CMP-1800,D,released,
CMP-1801,A,released,
CMP-1801,B,released,
CMP-1801,C,working,
CMP-1802,A,released,
CMP-1802,B,released,
CMP-1802,C,released,
CMP-1802,D,working,
CMP-1803,A,released,
CMP-1803,B,released,
CMP-1803,C,released,
CMP-1804,A,released,
CMP-1804,B,released,
CMP-1804,C,released,
CMP-1804,D,working,
CMP-1805,A,released,
CMP-1805,B,released,
CMP-1805,C,released,
CMP-1806,A,released,
CMP-1806,B,released,
CMP-1806,C,released,
CMP-1807,A,released,
CMP-1807,B,released,
CMP-1807,C,working,
CMP-1808,A,released,
CMP-1808,B,released,
CMP-1808,C,released,
CMP-1809,A,released,
CMP-1809,B,released,
CMP-1809,C,released,
CMP-1810,A,released,
CMP-1810,B,released,
CMP-1810,C,released,
CMP-1810,D,released,
CMP-1811,A,released,
CMP-1811,B,released,
CMP-1811,C,released,
CMP-1812,A,released,
CMP-1812,B,released,
CMP-1812,C,released,
CMP-1812,D,released,
CMP-1813,A,released,
CMP-1813,B,released,
CMP-1813,C,released,
CMP-1814,A,released,
CMP-1814,B,released,
CMP-1814,C,released,
CMP-1814,D,released,
CMP-1815,A,released,
CMP-1815,B,released,
CMP-1815,C,released,
CMP-1815,D,released,
CMP-1816,A,released,
CMP-1816,B,released,
CMP-1816,C,released,
CMP-1817,A,released,
CMP-1817,B,released,
CMP-1817,C,working,
CMP-1818,A,released,
CMP-1818,B,released,
CMP-1818,C,released,
CMP-1818,D,working,
CMP-1819,A,released,
CMP-1819,B,released,
CMP-1819,C,released,
CMP-1819,D,working,
CMP-1820,A,released,
CMP-1820,B,released,
CMP-1820,C,released,
CMP-1820,D,working,
CMP-1821,A,released,
CMP-1821,B,released,
CMP-1821,C,released,
CMP-1822,A,released,
CMP-1822,B,released,
CMP-1822,C,released,
CMP-1822,D,released,
CMP-1823,A,released,
CMP-1823,B,released,
CMP-1823,C,released,
CMP-1823,D,released,
CMP-1824,A,released,
CMP-1824,B,released,
CMP-1824,C,released,
CMP-1824,D,released,
CMP-1825,A,released,
CMP-1825,B,released,
CMP-1825,C,released,
CMP-1825,D,released,
CMP-1826,A,released,
CMP-1826,B,released,
CMP-1826,C,released,
CMP-1826,D,released,
CMP-1827,A,released,
CMP-1827,B,released,
CMP-1827,C,released,
CMP-1828,A,released,
CMP-1828,B,released,
CMP-1828,C,working,
CMP-1829,A,released,
CMP-1829,B,released,
CMP-1829,C,working,
CMP-1830,A,released,
CMP-1830,B,released,
CMP-1830,C,released,
CMP-1830,D,released,
CMP-1831,A,released,
CMP-1831,B,released,
CMP-1831,C,released,
CMP-1831,D,released,
CMP-1832,A,released,
CMP-1832,B,released,
CMP-1832,C,working,
CMP-1833,A,released,
CMP-1833,B,released,
CMP-1833,C,released,
CMP-1833,D,released,
CMP-1834,A,released,
CMP-1834,B,released,
CMP-1834,C,working,
CMP-1835,A,released,
CMP-1835,B,released,
CMP-1835,C,released,
CMP-1835,D,released,
CMP-1836,A,released,
CMP-1836,B,released,
CMP-1836,C,released,
CMP-1836,D,working,
CMP-1837,A,released,
CMP-1837,B,released,
CMP-1837,C,released,
CMP-1837,D,released,
CMP-1838,A,released,
CMP-1838,B,released,
CMP-1838,C,released,
CMP-1838,D,released,
CMP-1839,A,released,
CMP-1839,B,released,
CMP-1839,C,released,
CMP-1839,D,released,
CMP-1840,A,released,
CMP-1840,B,released,
CMP-1840,C,released,
CMP-1840,D,released,
CMP-1841,A,released,
CMP-1841,B,released,
CMP-1841,C,released,
CMP-1842,A,released,
CMP-1842,B,released,
CMP-1842,C,released,
CMP-1842,D,working,
CMP-1843,A,released,
CMP-1843,B,released,
CMP-1843,C,working,
CMP-1844,A,released,
CMP-1844,B,released,
CMP-1844,C,released,
CMP-1845,A,released,
CMP-1845,B,released,
CMP-1845,C,released,
CMP-1845,D,released,
CMP-1846,A,released,
CMP-1846,B,released,
CMP-1846,C,released,
CMP-1847,A,released,
CMP-1847,B,released,
CMP-1847,C,working,
CMP-1848,A,released,
CMP-1848,B,released,
CMP-1848,C,released,
CMP-1848,D,released,
CMP-1849,A,released,
CMP-1849,B,released,
CMP-1849,C,working,
CMP-1850,A,released,
CMP-1850,B,released,
CMP-1850,C,working,
CMP-1851,A,released,
CMP-1851,B,released,
CMP-1851,C,released,
CMP-1851,D,released,
CMP-1852,A,released,
CMP-1852,B,released,
CMP-1852,C,released,
CMP-1852,D,released,
CMP-1853,A,released,
CMP-1853,B,released,
CMP-1853,C,released,
CMP-1853,D,released,
CMP-1854,A,released,
CMP-1854,B,released,
CMP-1854,C,released,
CMP-1854,D,working,
CMP-1855,A,released,
CMP-1855,B,released,
CMP-1855,C,released,
CMP-1855,D,released,
CMP-1856,A,released,
CMP-1856,B,released,
CMP-1856,C,working,
CMP-1857,A,released,
CMP-1857,B,released,
CMP-1857,C,released,
CMP-1858,A,released,
CMP-1858,B,released,
CMP-1858,C,released,
CMP-1858,D,working,
CMP-1859,A,released,
CMP-1859,B,released,
CMP-1859,C,released,
CMP-1859,D,released,
CMP-1860,A,released,
CMP-1860,B,released,
CMP-1860,C,released,
CMP-1861,A,released,
CMP-1861,B,released,
CMP-1861,C,released,
CMP-1862,A,released,
CMP-1862,B,released,
CMP-1862,C,working,
CMP-1863,A,released,
CMP-1863,B,released,
CMP-1863,C,released,
CMP-1863,D,released,
CMP-1864,A,released,
CMP-1864,B,released,
CMP-1864,C,released,
CMP-1864,D,working,
CMP-1865,A,released,
CMP-1865,B,released,
CMP-1865,C,released,
CMP-1866,A,released,
CMP-1866,B,released,
CMP-1866,C,released,
CMP-1866,D,released,
CMP-1867,A,released,
CMP-1867,B,released,
CMP-1867,C,released,
CMP-1867,D,released,
CMP-1868,A,released,
CMP-1868,B,released,
CMP-1868,C,released,
CMP-1868,D,working,
CMP-1869,A,released,
CMP-1869,B,released,
CMP-1869,C,released,
CMP-1869,D,released,
CMP-1870,A,released,
CMP-1870,B,released,
CMP-1870,C,released,
CMP-1871,A,released,
CMP-1871,B,released,
CMP-1871,C,released,
CMP-1871,D,released,
CMP-1872,A,released,
CMP-1872,B,released,
CMP-1872,C,released,
CMP-1872,D,working,
CMP-1873,A,released,
CMP-1873,B,released,
CMP-1873,C,released,
CMP-1874,A,released,
CMP-1874,B,released,
CMP-1874,C,released,
CMP-1875,A,released,
CMP-1875,B,released,
CMP-1875,C,released,
CMP-1876,A,released,
CMP-1876,B,released,
CMP-1876,C,working,
CMP-1877,A,released,
CMP-1877,B,released,
CMP-1877,C,released,
CMP-1878,A,released,
CMP-1878,B,released,
CMP-1878,C,working,
CMP-1879,A,released,
CMP-1879,B,released,
CMP-1879,C,released,
CMP-1880,A,released,
CMP-1880,B,released,
CMP-1880,C,working,
CMP-1881,A,released,
CMP-1881,B,released,
CMP-1881,C,released,
CMP-1881,D,released,
CMP-1882,A,released,
CMP-1882,B,released,
CMP-1882,C,released,
CMP-1882,D,released,
CMP-1883,A,released,
CMP-1883,B,released,
CMP-1883,C,released,
CMP-1883,D,working,
CMP-1884,A,released,
CMP-1884,B,released,
CMP-1884,C,released,
CMP-1885,A,released,
CMP-1885,B,released,
CMP-1885,C,released,
CMP-1885,D,working,
CMP-1886,A,released,
CMP-1886,B,released,
CMP-1886,C,released,
CMP-1887,A,released,
CMP-1887,B,released,
CMP-1887,C,released,
CMP-1887,D,released,
CMP-1888,A,released,
CMP-1888,B,released,
CMP-1888,C,released,
CMP-1888,D,released,
CMP-1889,A,released,
CMP-1889,B,released,
CMP-1889,C,released,
CMP-1890,A,released,
CMP-1890,B,released,
CMP-1890,C,released,
CMP-1891,A,released,
CMP-1891,B,released,
CMP-1891,C,released,
CMP-1891,D,released,
CMP-1892,A,released,
CMP-1892,B,released,
CMP-1892,C,released,
CMP-1892,D,released,
CMP-1893,A,released,
CMP-1893,B,released,
CMP-1893,C,released,
CMP-1894,A,released,
CMP-1894,B,released,
CMP-1894,C,released,
CMP-1894,D,released,
CMP-1895,A,released,
CMP-1895,B,released,
CMP-1895,C,working,
CMP-1896,A,released,
CMP-1896,B,released,
CMP-1896,C,released,
CMP-1896,D,released,
CMP-1897,A,released,
CMP-1897,B,released,
CMP-1897,C,released,
CMP-1897,D,released,
CMP-1898,A,released,
CMP-1898,B,released,
CMP-1898,C,released,
CMP-1898,D,released,
CMP-1899,A,released,
CMP-1899,B,released,
CMP-1899,C,released,
CMP-1900,A,released,
CMP-1900,B,released,
CMP-1900,C,released,
CMP-1901,A,released,
CMP-1901,B,released,
CMP-1901,C,working,
CMP-1902,A,released,
CMP-1902,B,released,
CMP-1902,C,working,
CMP-1903,A,released,
CMP-1903,B,released,
CMP-1903,C,released,
CMP-1904,A,released,
CMP-1904,B,released,
CMP-1904,C,released,
CMP-1905,A,released,
CMP-1905,B,released,
CMP-1905,C,released,
CMP-1905,D,working,
CMP-1906,A,released,
CMP-1906,B,released,
CMP-1906,C,working,
CMP-1907,A,released,
CMP-1907,B,released,
CMP-1907,C,released,
CMP-1907,D,released,
CMP-1908,A,released,
CMP-1908,B,released,
CMP-1908,C,working,
CMP-1909,A,released,
CMP-1909,B,released,
CMP-1909,C,released,
CMP-1909,D,released,
CMP-1910,A,released,
CMP-1910,B,released,
CMP-1910,C,released,
CMP-1911,A,released,
CMP-1911,B,released,
CMP-1911,C,released,
CMP-1911,D,released,
CMP-1912,A,released,
CMP-1912,B,released,
CMP-1912,C,released,
CMP-1913,A,released,
CMP-1913,B,released,
CMP-1913,C,released,
CMP-1914,A,released,
CMP-1914,B,released,
CMP-1914,C,released,
CMP-1915,A,released,
CMP-1915,B,released,
CMP-1915,C,released,
CMP-1916,A,released,
CMP-1916,B,released,
CMP-1916,C,released,
CMP-1916,D,released,
CMP-1917,A,released,
CMP-1917,B,released,
CMP-1917,C,released,
CMP-1918,A,released,
CMP-1918,B,released,
CMP-1918,C,released,
CMP-1918,D,released,
CMP-1919,A,released,
CMP-1919,B,released,
CMP-1919,C,released,
CMP-1920,A,released,
CMP-1920,B,released,
CMP-1920,C,released,
CMP-1920,D,working,
CMP-1921,A,released,
CMP-1921,B,released,
CMP-1921,C,released,
CMP-1921,D,released,
CMP-1922,A,released,
CMP-1922,B,released,
CMP-1922,C,released,
CMP-1922,D,working,
CMP-1923,A,released,
CMP-1923,B,released,
CMP-1923,C,released,
CMP-1923,D,working,
CMP-1924,A,released,
CMP-1924,B,released,
CMP-1924,C,released,
CMP-1925,A,released,
CMP-1925,B,released,
CMP-1925,C,released,
CMP-1925,D,working,
CMP-1926,A,released,
CMP-1926,B,released,
CMP-1926,C,released,
CMP-1927,A,released,
CMP-1927,B,released,
CMP-1927,C,released,
CMP-1928,A,released,
CMP-1928,B,released,
CMP-1928,C,released,
CMP-1928,D,released,
CMP-1929,A,released,
CMP-1929,B,released,
CMP-1929,C,released,
CMP-1929,D,working,
CMP-1930,A,released,
CMP-1930,B,released,
CMP-1930,C,working,
CMP-1931,A,released,
CMP-1931,B,released,
CMP-1931,C,released,
CMP-1931,D,released,
CMP-1932,A,released,
CMP-1932,B,released,
CMP-1932,C,released,
CMP-1932,D,released,
CMP-1933,A,released,
CMP-1933,B,released,
CMP-1933,C,released,
CMP-1933,D,released,
CMP-1934,A,released,
CMP-1934,B,released,
CMP-1934,C,released,
CMP-1935,A,released,
CMP-1935,B,released,
CMP-1935,C,released,
CMP-1936,A,released,
CMP-1936,B,released,
CMP-1936,C,released,
CMP-1937,A,released,
CMP-1937,B,released,
CMP-1937,C,released,
CMP-1937,D,working,
CMP-1938,A,released,
CMP-1938,B,released,
CMP-1938,C,released,
CMP-1938,D,released,
CMP-1939,A,released,
CMP-1939,B,released,
CMP-1939,C,released,
CMP-1940,A,released,
CMP-1940,B,released,
CMP-1940,C,released,
CMP-1940,D,released,
CMP-1941,A,released,
CMP-1941,B,released,
CMP-1941,C,released,
CMP-1942,A,released,
CMP-1942,B,released,
CMP-1942,C,released,
CMP-1942,D,released,
CMP-1943,A,released,
CMP-1943,B,released,
CMP-1943,C,released,
CMP-1943,D,working,
CMP-1944,A,released,
CMP-1944,B,released,
CMP-1944,C,released,
CMP-1945,A,released,
CMP-1945,B,released,
CMP-1945,C,released,
CMP-1945,D,working,
CMP-1946,A,released,
CMP-1946,B,released,
CMP-1946,C,released,
CMP-1946,D,working,
CMP-1947,A,released,
CMP-1947,B,released,
CMP-1947,C,released,
CMP-1947,D,released,
CMP-1948,A,released,
CMP-1948,B,released,
CMP-1948,C,released,
CMP-1949,A,released,
CMP-1949,B,released,
CMP-1949,C,released,
CMP-1950,A,released,
CMP-1950,B,released,
CMP-1950,C,released,
CMP-1950,D,released,
CMP-1951,A,released,
CMP-1951,B,released,
CMP-1951,C,released,
CMP-1951,D,released,
CMP-1952,A,released,
CMP-1952,B,released,
CMP-1952,C,released,
CMP-1953,A,released,
CMP-1953,B,released,
CMP-1953,C,released,
CMP-1953,D,released,
CMP-1954,A,released,
CMP-1954,B,released,
CMP-1954,C,working,
CMP-1955,A,released,
CMP-1955,B,released,
CMP-1955,C,released,
CMP-1956,A,released,
CMP-1956,B,released,
CMP-1956,C,released,
CMP-1956,D,working,
CMP-1957,A,released,
CMP-1957,B,released,
CMP-1957,C,working,
CMP-1958,A,released,
CMP-1958,B,released,
CMP-1958,C,released,
CMP-1958,D,released,
CMP-1959,A,released,
CMP-1959,B,released,
CMP-1959,C,released,
CMP-1959,D,released,
CMP-1960,A,released,
CMP-1960,B,released,
CMP-1960,C,released,
CMP-1960,D,working,
CMP-1961,A,released,
CMP-1961,B,released,
CMP-1961,C,released,
CMP-1961,D,working,
CMP-1962,A,released,
CMP-1962,B,released,
CMP-1962,C,released,
CMP-1963,A,released,
CMP-1963,B,released,
CMP-1963,C,released,
CMP-1964,A,released,
CMP-1964,B,released,
CMP-1964,C,released,
CMP-1965,A,released,
CMP-1965,B,released,
CMP-1965,C,released,
CMP-1966,A,released,
CMP-1966,B,released,
CMP-1966,C,released,
CMP-1966,D,released,
CMP-1967,A,released,
CMP-1967,B,released,
CMP-1967,C,released,
CMP-1967,D,working,
CMP-1968,A,released,
CMP-1968,B,released,
CMP-1968,C,working,
CMP-1969,A,released,
CMP-1969,B,released,
CMP-1969,C,released,
CMP-1969,D,working,
CMP-1970,A,released,
CMP-1970,B,released,
CMP-1970,C,released,
CMP-1970,D,released,
CMP-1971,A,released,
CMP-1971,B,released,
CMP-1971,C,released,
CMP-1971,D,working,
CMP-1972,A,released,
CMP-1972,B,released,
CMP-1972,C,released,
CMP-1972,D,released,
CMP-1973,A,released,
CMP-1973,B,released,
CMP-1973,C,released,
CMP-1973,D,working,
CMP-1974,A,released,
CMP-1974,B,released,
CMP-1974,C,working,
CMP-1975,A,released,
CMP-1975,B,released,
CMP-1975,C,released,
CMP-1976,A,released,
CMP-1976,B,released,
CMP-1976,C,released,
CMP-1976,D,released,
CMP-1977,A,released,
CMP-1977,B,released,
CMP-1977,C,released,
CMP-1977,D,released,
CMP-1978,A,released,
CMP-1978,B,released,
CMP-1978,C,released,
CMP-1978,D,released,
CMP-1979,A,released,
CMP-1979,B,released,
CMP-1979,C,working,
CMP-1980,A,released,
CMP-1980,B,released,
CMP-1980,C,released,
CMP-1980,D,working,
CMP-1981,A,released,
CMP-1981,B,released,
CMP-1981,C,working,
CMP-1982,A,released,
CMP-1982,B,released,
CMP-1982,C,released,
CMP-1982,D,working,
CMP-1983,A,released,
CMP-1983,B,released,
CMP-1983,C,released,
CMP-1984,A,released,
CMP-1984,B,released,
CMP-1984,C,released,
CMP-1984,D,released,
CMP-1985,A,released,
CMP-1985,B,released,
CMP-1985,C,released,
CMP-1986,A,released,
CMP-1986,B,released,
CMP-1986,C,working,
CMP-1987,A,released,
CMP-1987,B,released,
CMP-1987,C,released,
CMP-1987,D,working,
CMP-1988,A,released,
CMP-1988,B,released,
CMP-1988,C,released,
CMP-1989,A,released,
CMP-1989,B,released,
CMP-1989,C,released,
CMP-1989,D,released,
CMP-1990,A,released,
CMP-1990,B,released,
CMP-1990,C,released,
CMP-1991,A,released,
CMP-1991,B,released,
CMP-1991,C,released,
CMP-1991,D,released,
CMP-1992,A,released,
CMP-1992,B,released,
CMP-1992,C,released,
CMP-1992,D,working,
CMP-1993,A,released,
CMP-1993,B,released,
CMP-1993,C,released,
CMP-1994,A,released,
CMP-1994,B,released,
CMP-1994,C,released,
CMP-1994,D,released,
CMP-1995,A,released,
CMP-1995,B,released,
CMP-1995,C,released,
CMP-1995,D,working,
CMP-1996,A,released,
CMP-1996,B,released,
CMP-1996,C,released,
CMP-1997,A,released,
CMP-1997,B,released,
CMP-1997,C,working,
CMP-1998,A,released,
CMP-1998,B,released,
CMP-1998,C,released,
CMP-1998,D,working,
CMP-1999,A,released,
CMP-1999,B,released,
CMP-1999,C,released,
CMP-1999,D,working,
